rank,label,form,digits,B,K_cert,n_kills,compression_ratio,q_mod_3,m0_note,wall_s,forb_s,walk_s,n_active_r,skipped_qmod0,reused,skipped,skip_reason,first_survivor,kill_table
1,2^136279841-1,Mersenne,41024320,10000000,28,9,4.55826e+06,1,m0=q+1=2^136279841 (pure 2-power sink),1.1700,0.0000,0.0000,0,0,1,0,,"k=28, ε=+1 (class B)",2:A:375373;4:B:5;8:A:13;10:B:11;14:A:1181;16:B:7;20:A:79;22:B:103;26:A:5
2,2^82589933-1,Mersenne,24862048,10000000,80,26,956233,1,m0=q+1=2^82589933 (pure 2-power sink),0.9880,0.9660,0.0220,664578,0,0,0,,"k=80, ε=-1 (class A)",2:A:37463;4:B:5;8:A:11;10:B:79;14:A:53;16:B:7;20:A:3359;22:B:31;26:A:5;28:B:56473;32:A:3203;34:B:5;38:A:29;40:B:17;44:A:59;46:B:157;50:A:41;52:B:89;56:A:5;58:B:7;62:A:17;64:B:5;68:A:7;70:B:13;74:A:11;76:B:113
3,2^77232917-1,Mersenne,23249425,10000000,14,4,5.81236e+06,1,m0=q+1=2^77232917 (pure 2-power sink),0.9556,0.9343,0.0212,664578,0,0,0,,"k=14, ε=-1 (class A)",2:A:11;4:B:5;8:A:13;10:B:31
4,2^74207281-1,Mersenne,22338618,10000000,2,0,2.23386e+07,1,m0=q+1=2^74207281 (pure 2-power sink),0.9044,0.8827,0.0216,664578,0,0,0,,"k=2, ε=-1 (class A)",
5,2^57885161-1,Mersenne,17425170,10000000,14,4,4.35629e+06,1,m0=q+1=2^57885161 (pure 2-power sink),0.9335,0.9114,0.0221,664578,0,0,0,,"k=14, ε=-1 (class A)",2:A:193;4:B:5;8:A:13;10:B:11
6,2524190^2097152+1,GFN,13426224,10000000,4,1,1.34262e+07,2,m0=q-1 (not a 2-power sink),0.7474,0.7252,0.0222,664578,0,0,0,,"k=4, ε=-1 (class A)",2:B:7
7,2^43112609-1,Mersenne,12978189,10000000,10,3,4.32606e+06,1,m0=q+1=2^43112609 (pure 2-power sink),0.9078,0.8850,0.0227,664578,0,0,0,,"k=10, ε=+1 (class B)",2:A:59;4:B:5;8:A:13
8,2^42643801-1,Mersenne,12837064,10000000,2,0,1.28371e+07,1,m0=q+1=2^42643801 (pure 2-power sink),0.9046,0.8814,0.0232,664578,0,0,0,,"k=2, ε=-1 (class A)",
9,516693^2097152-516693^1048576+1,GU,11981518,10000000,44,14,855823,1,m0=q+1 (not a 2-power sink),1.0703,1.0444,0.0259,664578,0,0,0,,"k=44, ε=-1 (class A)",2:A:37;4:B:5;8:A:23;10:B:11;14:A:13;16:B:7;20:A:1009;22:B:227;26:A:5;28:B:29;32:A:41;34:B:5;38:A:29017;40:B:31
10,465859^2097152-465859^1048576+1,GU,11887192,10000000,92,30,396240,1,m0=q+1 (not a 2-power sink),1.0639,1.0390,0.0250,664578,0,0,0,,"k=92, ε=-1 (class A)",2:A:1249;4:B:5;8:A:11;10:B:421;14:A:83;16:B:7;20:A:277;22:B:61;26:A:5;28:B:137;32:A:37;34:B:5;38:A:523;40:B:251;44:A:13;46:B:3559;50:A:151;52:B:631;56:A:5;58:B:7;62:A:3919;64:B:5;68:A:7;70:B:253543;74:A:11;76:B:31;80:A:23827;82:B:773;86:A:5;88:B:1217
11,2^37156667-1,Mersenne,11185272,10000000,44,14,798948,1,m0=q+1=2^37156667 (pure 2-power sink),0.9687,0.9441,0.0245,664578,0,0,0,,"k=44, ε=-1 (class A)",2:A:11;4:B:53;8:A:5;10:B:31;14:A:23;16:B:7;20:A:15493;22:B:5;26:A:7;28:B:13;32:A:347;34:B:601;38:A:5;40:B:73
12,2^32582657-1,Mersenne,9808358,10000000,20,6,1.63473e+06,1,m0=q+1=2^32582657 (pure 2-power sink),0.8754,0.8503,0.0251,664578,0,0,0,,"k=20, ε=-1 (class A)",2:A:11;4:B:5;8:A:13;10:B:31;14:A:5573;16:B:7
13,10223*2^31172165+1,Proth,9383761,10000000,20,6,1.56396e+06,2,m0=q-1 (not a 2-power sink),1.0265,1.0015,0.0251,664578,0,0,0,,"k=20, ε=+1 (class B)",2:B:5;4:A:4231;8:B:7;10:A:61;14:B:17;16:A:1453
14,2^30402457-1,Mersenne,9152052,10000000,82,27,338965,1,m0=q+1=2^30402457 (pure 2-power sink),0.9421,0.9121,0.0301,664578,0,0,0,,"k=82, ε=+1 (class B)",2:A:11;4:B:5;8:A:7;10:B:31;14:A:13;16:B:17;20:A:173;22:B:83;26:A:5;28:B:29;32:A:97;34:B:5;38:A:137;40:B:41299;44:A:43;46:B:3299;50:A:7;52:B:89;56:A:5;58:B:326539;62:A:3539;64:B:5;68:A:11;70:B:419;74:A:733;76:B:7;80:A:34877
15,4*5^11786358+1,GenPow,8238312,10000000,40,13,633716,2,m0=q-1 (not a 2-power sink),0.9971,0.9709,0.0262,664578,0,0,0,,"k=40, ε=-1 (class A)",2:B:151;4:A:13;8:B:19;10:A:7;14:B:5;16:A:5;20:B:11;22:A:2029;26:B:41;28:A:827;32:B:7;34:A:1129;38:B:119057
16,2^25964951-1,Mersenne,7816230,10000000,2,0,7.81623e+06,1,m0=q+1=2^25964951 (pure 2-power sink),0.9005,0.8742,0.0262,664578,0,0,0,,"k=2, ε=-1 (class A)",
17,4052186*69^4052186+1,GenPow,7451366,10000000,26,8,931421,1,m0=q+1 (not a 2-power sink),1.0510,0.9975,0.0535,664578,0,0,0,,"k=26, ε=-1 (class A)",2:A:6174463;4:B:11;8:A:5;10:B:673;14:A:2089;16:B:2820553;20:A:7;22:B:5
18,69*2^24612729-1,Riesel,7409172,10000000,110,36,205810,2,m0=q-1 (not a 2-power sink),1.0485,1.0208,0.0276,664578,0,0,0,,"k=110, ε=+1 (class B)",2:B:5;4:A:7841;8:B:173;10:A:7;14:B:577;16:A:87481;20:B:11;22:A:23;26:B:47;28:A:5;32:B:5;34:A:14173;38:B:61;40:A:19;44:B:71;46:A:11;50:B:17;52:A:7;56:B:1307;58:A:5;62:B:5;64:A:101;68:B:83;70:A:43;74:B:7;76:A:13;80:B:13;82:A:107;86:B:11;88:A:5;92:B:5;94:A:7;98:B:29;100:A:137;104:B:79;106:A:233
19,2^24036583-1,Mersenne,7235733,10000000,16,5,1.44715e+06,1,m0=q+1=2^24036583 (pure 2-power sink),0.9297,0.8994,0.0303,664578,0,0,0,,"k=16, ε=+1 (class B)",2:A:59;4:B:577;8:A:5;10:B:281;14:A:101
20,7172162^1048576+1,GFN,7188671,10000000,4,1,7.18867e+06,2,m0=q-1 (not a 2-power sink),0.7518,0.7221,0.0297,664578,0,0,0,,"k=4, ε=-1 (class A)",2:B:5
21,5336284^1048576+1,GFN,7054022,10000000,14,4,1.76351e+06,2,m0=q-1 (not a 2-power sink),0.7513,0.7226,0.0287,664578,0,0,0,,"k=14, ε=+1 (class B)",2:B:5;4:A:10333;8:B:11;10:A:19
22,107347*2^23427517-1,Riesel,7052391,10000000,10,3,2.3508e+06,1,m0=q+1 (not a 2-power sink),1.0594,1.0309,0.0285,664578,0,0,0,,"k=10, ε=+1 (class B)",2:A:5;4:B:359;8:A:11
23,3*2^23157875-1,Riesel,6971216,10000000,10,3,2.32374e+06,2,m0=q-1 (not a 2-power sink),1.0153,0.9854,0.0299,664578,0,0,0,,"k=10, ε=-1 (class A)",2:B:47;4:A:4679;8:B:5
24,3843236^1048576+1,GFN,6904556,10000000,10,3,2.30152e+06,2,m0=q-1 (not a 2-power sink),0.7371,0.7072,0.0299,664578,0,0,0,,"k=10, ε=-1 (class A)",2:B:5;4:A:13;8:B:17
25,3*2^22103376-1,Riesel,6653780,10000000,44,14,475270,2,m0=q-1 (not a 2-power sink),0.9283,0.8982,0.0301,664578,0,0,0,,"k=44, ε=+1 (class B)",2:B:5;4:A:7;8:B:11;10:A:337;14:B:37;16:A:677;20:B:29;22:A:47;26:B:6361;28:A:5;32:B:5;34:A:151;38:B:7;40:A:281
26,1963736^1048576+1,GFN,6598776,10000000,22,7,942682,2,m0=q-1 (not a 2-power sink),0.7362,0.7077,0.0285,664578,0,0,0,,"k=22, ε=-1 (class A)",2:B:5;4:A:43;8:B:17;10:A:53;14:B:29;16:A:60317;20:B:11
27,1951734^1048576+1,GFN,6595985,10000000,34,11,599635,1,m0=q+1 (not a 2-power sink),0.7487,0.7150,0.0337,664578,0,0,0,,"k=34, ε=+1 (class B)",2:A:1787;4:B:463;8:A:5;10:B:7;14:A:1081901;16:B:139;20:A:11;22:B:5;26:A:17;28:B:503;32:A:7
28,202705*2^21320516+1,Proth,6418121,10000000,2,0,6.41812e+06,2,m0=q-1 (not a 2-power sink),0.9658,0.9355,0.0303,664578,0,0,0,,"k=2, ε=+1 (class B)",
29,2^20996011-1,Mersenne,6320430,10000000,16,5,1.26409e+06,1,m0=q+1=2^20996011 (pure 2-power sink),0.9211,0.8757,0.0454,664578,0,0,0,,"k=16, ε=+1 (class B)",2:A:86183;4:B:3873697;8:A:5;10:B:11;14:A:1009
30,1059094^1048576+1,GFN,6317602,10000000,26,8,789700,2,m0=q-1 (not a 2-power sink),0.7399,0.7090,0.0308,664578,0,0,0,,"k=26, ε=+1 (class B)",2:B:5;4:A:7;8:B:11;10:A:13;14:B:31;16:A:48593;20:B:1877;22:A:98123
31,3*2^20928756-1,Riesel,6300184,10000000,14,4,1.57505e+06,2,m0=q-1 (not a 2-power sink),1.0130,0.9812,0.0318,664578,0,0,0,,"k=14, ε=+1 (class B)",2:B:5;4:A:7;8:B:11;10:A:107
32,919444^1048576+1,GFN,6253210,10000000,34,11,568474,2,m0=q-1 (not a 2-power sink),0.7503,0.7173,0.0330,664578,0,0,0,,"k=34, ε=-1 (class A)",2:B:5;4:A:7;8:B:17;10:A:11;14:B:29;16:A:210019;20:B:31;22:A:47;26:B:173;28:A:5;32:B:5
33,81*2^20498148+1,Proth,6170560,10000000,26,8,771320,1,m0=q+1 (not a 2-power sink),0.9692,0.9373,0.0318,664578,0,0,0,,"k=26, ε=-1 (class A)",2:A:139;4:B:7;8:A:5;10:B:17;14:A:37;16:B:11;20:A:149;22:B:5
34,7*2^20267500+1,Proth,6101127,10000000,32,10,610113,2,m0=q-1 (not a 2-power sink),0.9768,0.9438,0.0330,664578,0,0,0,,"k=32, ε=+1 (class B)",2:B:3253;4:A:31;8:B:5;10:A:607;14:B:373;16:A:13;20:B:7;22:A:5;26:B:11;28:A:367
35,4*5^8431178+1,GenPow,5893142,10000000,10,3,1.96438e+06,2,m0=q-1 (not a 2-power sink),0.9327,0.9005,0.0322,664578,0,0,0,,"k=10, ε=-1 (class A)",2:B:7;4:A:13;8:B:43
36,168451*2^19375200+1,Proth,5832522,10000000,38,12,486044,2,m0=q-1 (not a 2-power sink),0.9696,0.9366,0.0330,664578,0,0,0,,"k=38, ε=+1 (class B)",2:B:5;4:A:37;8:B:29;10:A:673;14:B:23;16:A:7;20:B:13;22:A:71;26:B:7;28:A:5;32:B:5;34:A:4597
37,69*2^19374980-1,Riesel,5832452,10000000,32,10,583245,2,m0=q-1 (not a 2-power sink),0.9894,0.9351,0.0543,664578,0,0,0,,"k=32, ε=+1 (class B)",2:B:338791;4:A:7;8:B:5;10:A:5681003;14:B:431;16:A:13;20:B:29;22:A:5;26:B:17;28:A:11
38,3*2^18924988-1,Riesel,5696990,10000000,34,11,517908,2,m0=q-1 (not a 2-power sink),0.9775,0.9428,0.0347,664578,0,0,0,,"k=34, ε=-1 (class A)",2:B:5;4:A:17;8:B:13;10:A:7;14:B:2179;16:A:29;20:B:193;22:A:14633;26:B:11;28:A:5;32:B:5
39,69*2^18831865-1,Riesel,5668959,10000000,20,6,944826,2,m0=q-1 (not a 2-power sink),1.0298,0.9954,0.0344,664578,0,0,0,,"k=20, ε=+1 (class B)",2:B:5;4:A:109;8:B:67;10:A:277;14:B:11;16:A:7
40,2*3^11879700+1,GenPow,5668058,10000000,56,18,314892,1,m0=q+1 (not a 2-power sink),0.9544,0.9168,0.0377,664578,0,0,0,,"k=56, ε=-1 (class A)",2:A:5;4:B:13;8:A:191;10:B:31;14:A:19;16:B:7;20:A:25301;22:B:17;26:A:7;28:B:5;32:A:5;34:B:907;38:A:167;40:B:11;44:A:37;46:B:103;50:A:696889;52:B:173
41,97139*2^18397548-1,Riesel,5538219,10000000,34,11,503474,1,m0=q+1 (not a 2-power sink),1.0214,0.9564,0.0650,664578,0,0,0,,"k=34, ε=+1 (class B)",2:A:5;4:B:7090403;8:A:17;10:B:31;14:A:11;16:B:5011;20:A:7;22:B:7;26:A:764209;28:B:5;32:A:5
42,7*2^18233956+1,Proth,5488969,10000000,134,44,124749,2,m0=q-1 (not a 2-power sink),0.9829,0.9276,0.0553,664578,0,0,0,,"k=134, ε=+1 (class B)",2:B:31;4:A:153133;8:B:5;10:A:47;14:B:179;16:A:11;20:B:7;22:A:5;26:B:1951;28:A:3001;32:B:6869;34:A:23;38:B:5;40:A:181;44:B:59;46:A:1467919;50:B:11;52:A:5;56:B:8431;58:A:719;62:B:7;64:A:7;68:B:5;70:A:29;74:B:83891;76:A:4729;80:B:22147;82:A:5;86:B:53;88:A:3573509;92:B:41;94:A:13;98:B:5;100:A:32009;104:B:7;106:A:7;110:B:107;112:A:5;116:B:11;118:A:67;122:B:17;124:A:5189;128:B:5;130:A:19
43,3*2^18196595-1,Riesel,5477722,10000000,34,11,497975,2,m0=q-1 (not a 2-power sink),0.9843,0.9420,0.0423,664578,0,0,0,,"k=34, ε=-1 (class A)",2:B:12073;4:A:1210523;8:B:5;10:A:157051;14:B:11;16:A:7;20:B:47;22:A:5;26:B:7;28:A:13;32:B:197
44,4*3^11279466+1,GenPow,5381674,10000000,20,6,896946,1,m0=q+1 (not a 2-power sink),0.9496,0.9103,0.0393,664578,0,0,0,,"k=20, ε=-1 (class A)",2:A:5011;4:B:7;8:A:5;10:B:31;14:A:23;16:B:11
45,3*2^17748034-1,Riesel,5342692,10000000,8,2,2.67135e+06,2,m0=q-1 (not a 2-power sink),0.9376,0.9009,0.0367,664578,0,0,0,,"k=8, ε=+1 (class B)",2:B:2111;4:A:11
46,123447^1048576-123447^524288+1,GU,5338805,10000000,2,0,5.3388e+06,1,m0=q+1 (not a 2-power sink),1.0454,1.0092,0.0362,664578,0,0,0,,"k=2, ε=-1 (class A)",
47,31*2^17681433-1,Riesel,5322644,10000000,38,12,443554,1,m0=q+1 (not a 2-power sink),0.9733,0.9319,0.0414,664578,0,0,0,,"k=38, ε=-1 (class A)",2:A:19;4:B:5;8:A:79;10:B:7;14:A:457;16:B:1104781;20:A:11;22:B:17;26:A:5;28:B:12433;32:A:7;34:B:5
48,15*2^17609618+1,Proth,5301025,10000000,2,0,5.30102e+06,1,m0=q+1 (not a 2-power sink),0.9641,0.9273,0.0368,664578,0,0,0,,"k=2, ε=-1 (class A)",
49,3622*5^7558139-1,GenPow,5282917,10000000,56,18,293495,1,m0=q+1 (not a 2-power sink),1.0318,0.9928,0.0390,664578,0,0,0,,"k=56, ε=-1 (class A)",2:A:16649;4:B:19;8:A:7;10:B:661;14:A:5;16:B:5;20:A:416849;22:B:17;26:A:173;28:B:101;32:A:13;34:B:7;38:A:29;40:B:109;44:A:5;46:B:5;50:A:7;52:B:11
50,7*6^6772401+1,GenPow,5269954,10000000,20,6,878326,1,m0=q+1 (not a 2-power sink),0.9730,0.9362,0.0368,664578,0,0,0,,"k=20, ε=-1 (class A)",2:A:5;4:B:29;8:A:7;10:B:7297;14:A:89;16:B:43
51,2*3^10852677+1,GenPow,5178044,10000000,16,5,1.03561e+06,1,m0=q+1 (not a 2-power sink),0.9526,0.9174,0.0352,664578,0,0,0,,"k=16, ε=+1 (class B)",2:A:31;4:B:11;8:A:5;10:B:12241;14:A:17
52,8508301*2^17016603-1,Riesel,5122515,10000000,34,11,465683,1,m0=q+1 (not a 2-power sink),0.9861,0.9398,0.0463,664578,0,0,0,,"k=34, ε=+1 (class B)",2:A:23;4:B:19;8:A:5;10:B:17;14:A:5779;16:B:7;20:A:443;22:B:5;26:A:7;28:B:13;32:A:107
53,8*10^5112847-1,GenPow,5112848,10000000,28,9,568094,1,m0=q+1 (not a 2-power sink),0.9465,0.9093,0.0372,664578,0,0,0,,"k=28, ε=+1 (class B)",2:A:509;4:B:349;8:A:31;10:B:7;14:A:5;16:B:5;20:A:132989;22:B:17;26:A:59
54,13*2^16828072+1,Proth,5065756,10000000,20,6,844293,2,m0=q-1 (not a 2-power sink),0.9361,0.8977,0.0384,664578,0,0,0,,"k=20, ε=+1 (class B)",2:B:19;4:A:5;8:B:7;10:A:53;14:B:23311;16:A:11
55,3*2^16819291-1,Riesel,5063112,10000000,16,5,1.01262e+06,2,m0=q-1 (not a 2-power sink),0.9523,0.9156,0.0367,664578,0,0,0,,"k=16, ε=-1 (class A)",2:B:11;4:A:19;8:B:5;10:A:7;14:B:17
56,5287180*3^10574360-1,GenPow,5045259,10000000,8,2,2.52263e+06,2,m0=q-1 (not a 2-power sink),0.9467,0.9111,0.0357,664578,0,0,0,,"k=8, ε=+1 (class B)",2:B:677;4:A:5
57,3*2^16408818+1,Proth,4939547,10000000,4,1,4.93955e+06,1,m0=q+1 (not a 2-power sink),0.9746,0.9382,0.0364,664578,0,0,0,,"k=4, ε=+1 (class B)",2:A:5
58,2329989*2^16309923-1,Riesel,4909783,10000000,50,16,306861,2,m0=q-1 (not a 2-power sink),1.0245,0.9868,0.0377,664578,0,0,0,,"k=50, ε=+1 (class B)",2:B:7;4:A:379;8:B:11;10:A:13;14:B:5;16:A:5;20:B:19;22:A:191;26:B:29;28:A:389;32:B:71;34:A:23;38:B:3221;40:A:7;44:B:5;46:A:5
59,69*2^15866556-1,Riesel,4776312,10000000,28,9,530701,2,m0=q-1 (not a 2-power sink),0.9766,0.9360,0.0407,664578,0,0,0,,"k=28, ε=-1 (class A)",2:B:2617;4:A:149;8:B:5;10:A:7;14:B:167;16:A:29;20:B:9967;22:A:5;26:B:17
60,2036*3^10009192+1,GenPow,4775602,10000000,4,1,4.7756e+06,1,m0=q+1 (not a 2-power sink),0.9646,0.9278,0.0368,664578,0,0,0,,"k=4, ε=+1 (class B)",2:A:7
61,2525532*73^2525532+1,GenPow,4705888,10000000,4,1,4.70589e+06,1,m0=q+1 (not a 2-power sink),0.9759,0.9378,0.0381,664578,0,0,0,,"k=4, ε=+1 (class B)",2:A:5
62,1419499*2^15614489-1,Riesel,4700436,10000000,46,15,313362,1,m0=q+1 (not a 2-power sink),0.9895,0.9342,0.0553,664578,0,0,0,,"k=46, ε=+1 (class B)",2:A:41;4:B:61;8:A:5;10:B:11;14:A:4674517;16:B:13;20:A:19;22:B:5;26:A:1187;28:B:151;32:A:263;34:B:7;38:A:5;40:B:17;44:A:83
63,11*2^15502315+1,Proth,4666663,10000000,22,7,666666,2,m0=q-1 (not a 2-power sink),0.9986,0.9592,0.0394,664578,0,0,0,,"k=22, ε=-1 (class A)",2:B:557;4:A:5;8:B:223;10:A:83;14:B:29;16:A:41;20:B:697381
64,(10^2332974+1)^2-2,GenPow,4665949,10000000,14,4,1.16649e+06,2,m0=q-1 (not a 2-power sink),1.0050,0.9675,0.0374,664578,0,0,0,,"k=14, ε=+1 (class B)",2:B:71;4:A:5;8:B:1319;10:A:859
65,37*2^15474010+1,Proth,4658143,10000000,82,27,172524,2,m0=q-1 (not a 2-power sink),0.9736,0.9316,0.0420,664578,0,0,0,,"k=82, ε=-1 (class A)",2:B:11;4:A:5;8:B:41;10:A:7;14:B:19;16:A:29;20:B:103;22:A:59;26:B:5;28:A:13;32:B:7;34:A:5;38:B:61;40:A:31;44:B:360649;46:A:89;50:B:13;52:A:7;56:B:5;58:A:107;62:B:7681;64:A:5;68:B:11;70:A:171203;74:B:7;76:A:5501;80:B:825047
66,93839*2^15337656-1,Riesel,4617100,10000000,34,11,419736,1,m0=q+1 (not a 2-power sink),0.9523,0.9116,0.0407,664578,0,0,0,,"k=34, ε=+1 (class B)",2:A:5;4:B:59;8:A:17;10:B:31;14:A:251;16:B:7;20:A:61;22:B:1063961;26:A:7;28:B:5;32:A:5
67,2^15317227+2^7658614+1,GaussMersenne,4610945,10000000,56,18,256164,1,m0=q+1 (not a 2-power sink),1.4150,1.3766,0.0384,664578,0,0,0,,"k=56, ε=-1 (class A)",2:A:5;4:B:7;8:A:146203;10:B:13;14:A:87517;16:B:11;20:A:19;22:B:71;26:A:34253;28:B:5;32:A:5;34:B:61;38:A:7;40:B:137;44:A:73;46:B:7;50:A:11;52:B:47
68,13*2^15294536+1,Proth,4604116,10000000,44,14,328865,2,m0=q-1 (not a 2-power sink),0.9272,0.8900,0.0371,664578,0,0,0,,"k=44, ε=+1 (class B)",2:B:71;4:A:5;8:B:31;10:A:1217;14:B:19;16:A:7;20:B:43;22:A:2141;26:B:5;28:A:17;32:B:2797;34:A:5;38:B:13;40:A:11
69,6*5^6546983+1,GenPow,4576146,10000000,8,2,2.28807e+06,1,m0=q+1 (not a 2-power sink),0.9872,0.9488,0.0383,664578,0,0,0,,"k=8, ε=-1 (class A)",2:A:173;4:B:5
70,4788920*3^9577840-1,GenPow,4569798,10000000,2,0,4.5698e+06,2,m0=q-1 (not a 2-power sink),0.9573,0.9167,0.0407,664578,0,0,0,,"k=2, ε=+1 (class B)",
71,31*2^15145093-1,Riesel,4559129,10000000,2,0,4.55913e+06,1,m0=q+1 (not a 2-power sink),0.9375,0.9003,0.0372,664578,0,0,0,,"k=2, ε=-1 (class A)",
72,69*2^14977631-1,Riesel,4508719,10000000,70,23,196031,2,m0=q-1 (not a 2-power sink),1.0169,0.9445,0.0725,664578,0,0,0,,"k=70, ε=-1 (class A)",2:B:11;4:A:7;8:B:8670887;10:A:43;14:B:5;16:A:5;20:B:2243;22:A:23;26:B:19;28:A:59;32:B:28607;34:A:4057;38:B:7;40:A:13;44:B:5;46:A:5;50:B:31;52:A:12919;56:B:2447;58:A:53;62:B:1006769;64:A:11;68:B:11
73,192971*2^14773498-1,Riesel,4447272,10000000,34,11,404297,1,m0=q+1 (not a 2-power sink),1.0043,0.9663,0.0380,664578,0,0,0,,"k=34, ε=+1 (class B)",2:A:5;4:B:47;8:A:17;10:B:61;14:A:11;16:B:7;20:A:13;22:B:59;26:A:7;28:B:5;32:A:5
74,4*3^9214845+1,GenPow,4396600,10000000,4,1,4.3966e+06,1,m0=q+1 (not a 2-power sink),0.9981,0.9616,0.0364,664578,0,0,0,,"k=4, ε=+1 (class B)",2:A:5
75,9145334*3^9145334+1,GenPow,4363441,10000000,116,38,114827,1,m0=q+1 (not a 2-power sink),1.0263,0.9793,0.0470,664578,0,0,0,,"k=116, ε=-1 (class A)",2:A:6203;4:B:7;8:A:5;10:B:11;14:A:101;16:B:107;20:A:13;22:B:5;26:A:443;28:B:273283;32:A:59;34:B:47;38:A:5;40:B:31;44:A:1961489;46:B:7;50:A:23;52:B:5;56:A:11;58:B:13;62:A:227;64:B:1049;68:A:5;70:B:97;74:A:103;76:B:11;80:A:7;82:B:5;86:A:119389;88:B:7;92:A:1637;94:B:29;98:A:5;100:B:37;104:A:41;106:B:233;110:A:457;112:B:5
76,4*5^6181673-1,GenPow,4320805,10000000,8,2,2.1604e+06,1,m0=q+1 (not a 2-power sink),0.9602,0.9232,0.0371,664578,0,0,0,,"k=8, ε=-1 (class A)",2:A:7;4:B:12829
77,396101*2^14259638-1,Riesel,4292585,10000000,16,5,858517,1,m0=q+1 (not a 2-power sink),0.9985,0.9623,0.0362,664578,0,0,0,,"k=16, ε=+1 (class B)",2:A:5;4:B:29;8:A:19;10:B:7;14:A:1949
78,6962*31^2863120-1,GenPow,4269952,10000000,16,5,853990,1,m0=q+1 (not a 2-power sink),0.9457,0.9075,0.0382,664578,0,0,0,,"k=16, ε=+1 (class B)",2:A:47;4:B:5;8:A:7;10:B:19;14:A:107
79,37*2^14166940+1,Proth,4264676,10000000,4,1,4.26468e+06,2,m0=q-1 (not a 2-power sink),0.9429,0.9051,0.0378,664578,0,0,0,,"k=4, ε=-1 (class A)",2:B:11
80,99739*2^14019102+1,Proth,4220176,10000000,4,1,4.22018e+06,2,m0=q-1 (not a 2-power sink),1.0098,0.9728,0.0370,664578,0,0,0,,"k=4, ε=-1 (class A)",2:B:5
81,69*2^13832885-1,Riesel,4164116,10000000,68,22,189278,2,m0=q-1 (not a 2-power sink),1.0028,0.9382,0.0646,664578,0,0,0,,"k=68, ε=+1 (class B)",2:B:5;4:A:7;8:B:5147;10:A:4519;14:B:11;16:A:43;20:B:5197;22:A:23;26:B:19;28:A:5;32:B:5;34:A:1237;38:B:7;40:A:4092769;44:B:29;46:A:7;50:B:4400023;52:A:11;56:B:139;58:A:5;62:B:5;64:A:71
82,9562633#+1,Skip,4151498,10000000,,,,,,0.0000,0.0000,0.0000,0,0,0,1,primorial/factorial/compositorial,,
83,404849*2^13764867+1,Proth,4143644,10000000,46,15,276243,2,m0=q-1 (not a 2-power sink),0.9346,0.8967,0.0379,664578,0,0,0,,"k=46, ε=-1 (class A)",2:B:883;4:A:11;8:B:5;10:A:7;14:B:13;16:A:3769;20:B:53;22:A:5;26:B:163;28:A:167;32:B:7;34:A:41;38:B:5;40:A:241;44:B:19
84,25*2^13719266+1,Proth,4129912,10000000,34,11,375447,2,m0=q-1 (not a 2-power sink),0.9662,0.9285,0.0377,664578,0,0,0,,"k=34, ε=-1 (class A)",2:B:7;4:A:13;8:B:593;10:A:491;14:B:5;16:A:5;20:B:11;22:A:101;26:B:29;28:A:19;32:B:53
85,81*2^13708272+1,Proth,4126603,10000000,14,4,1.03165e+06,1,m0=q+1 (not a 2-power sink),0.9593,0.9224,0.0369,664578,0,0,0,,"k=14, ε=-1 (class A)",2:A:11;4:B:7;8:A:5;10:B:233
86,2740879*2^13704395-1,Riesel,4125441,10000000,22,7,589349,1,m0=q+1 (not a 2-power sink),0.9825,0.9420,0.0405,664578,0,0,0,,"k=22, ε=+1 (class B)",2:A:27061;4:B:5;8:A:337543;10:B:11;14:A:400151;16:B:7;20:A:17
87,479216*3^8625889-1,GenPow,4115601,10000000,10,3,1.37187e+06,2,m0=q-1 (not a 2-power sink),0.9875,0.9497,0.0378,664578,0,0,0,,"k=10, ε=-1 (class A)",2:B:5;4:A:11;8:B:67
88,13*2^13584543-1,Riesel,4089357,10000000,10,3,1.36312e+06,1,m0=q+1 (not a 2-power sink),0.9802,0.9432,0.0370,664578,0,0,0,,"k=10, ε=+1 (class B)",2:A:5;4:B:7;8:A:1499
89,31*2^13514933-1,Riesel,4068402,10000000,76,25,162736,1,m0=q+1 (not a 2-power sink),0.9809,0.9433,0.0376,664578,0,0,0,,"k=76, ε=+1 (class B)",2:A:7;4:B:5;8:A:83;10:B:17;14:A:389;16:B:3463;20:A:11;22:B:10093;26:A:5;28:B:4679;32:A:281;34:B:5;38:A:179;40:B:7;44:A:7;46:B:11;50:A:19;52:B:29;56:A:5;58:B:229;62:A:37;64:B:5;68:A:41;70:B:67;74:A:13
90,143332^786432-143332^393216+1,GU,4055114,10000000,20,6,675852,1,m0=q+1 (not a 2-power sink),1.0588,1.0217,0.0371,664578,0,0,0,,"k=20, ε=-1 (class A)",2:A:41;4:B:5;8:A:7;10:B:31;14:A:13;16:B:17
91,81*2^13470584+1,Proth,4055052,10000000,56,18,225281,1,m0=q+1 (not a 2-power sink),0.9828,0.9449,0.0379,664578,0,0,0,,"k=56, ε=-1 (class A)",2:A:1667;4:B:1061;8:A:5;10:B:38281;14:A:379;16:B:7;20:A:13;22:B:5;26:A:7;28:B:46091;32:A:11;34:B:11;38:A:5;40:B:17;44:A:29;46:B:67931;50:A:59;52:B:5
92,2^13466917-1,Mersenne,4053946,10000000,16,5,810789,1,m0=q+1=2^13466917 (pure 2-power sink),0.9139,0.8760,0.0379,664578,0,0,0,,"k=16, ε=+1 (class B)",2:A:11;4:B:5;8:A:7;10:B:31;14:A:13
93,5778486*5^5778486+1,GenPow,4038996,10000000,2,0,4.039e+06,1,m0=q+1 (not a 2-power sink),0.9592,0.9197,0.0395,664578,0,0,0,,"k=2, ε=-1 (class A)",
94,9*2^13334487+1,Proth,4014082,10000000,14,4,1.00352e+06,1,m0=q+1 (not a 2-power sink),1.0249,0.9865,0.0383,664578,0,0,0,,"k=14, ε=-1 (class A)",2:A:5;4:B:19;8:A:246817;10:B:83
95,6*10^4000494-1,GenPow,4000495,10000000,20,6,666749,2,m0=q-1 (not a 2-power sink),0.9880,0.9470,0.0410,664578,0,0,0,,"k=20, ε=+1 (class B)",2:B:11;4:A:5;8:B:724621;10:A:7;14:B:2719;16:A:31
96,206039*2^13104952-1,Riesel,3944989,10000000,20,6,657498,1,m0=q+1 (not a 2-power sink),1.0258,0.9885,0.0372,664578,0,0,0,,"k=20, ε=-1 (class A)",2:A:5;4:B:19;8:A:7;10:B:23;14:A:31;16:B:11
97,2805222*5^5610444+1,GenPow,3921539,10000000,22,7,560220,1,m0=q+1 (not a 2-power sink),1.0051,0.9674,0.0377,664578,0,0,0,,"k=22, ε=+1 (class B)",2:A:41;4:B:5;8:A:7;10:B:17;14:A:223;16:B:67;20:A:83
98,5128*22^2919993+1,GenPow,3919869,10000000,4,1,3.91987e+06,2,m0=q-1 (not a 2-power sink),0.9742,0.9357,0.0385,664578,0,0,0,,"k=4, ε=-1 (class A)",2:B:5
99,19249*2^13018586+1,Proth,3918990,10000000,14,4,979748,2,m0=q-1 (not a 2-power sink),0.9985,0.9613,0.0372,664578,0,0,0,,"k=14, ε=+1 (class B)",2:B:5;4:A:11;8:B:6977;10:A:31
100,2293*2^12918431-1,Riesel,3888839,10000000,98,32,121526,1,m0=q+1 (not a 2-power sink),1.0074,0.9684,0.0390,664578,0,0,0,,"k=98, ε=-1 (class A)",2:A:5;4:B:131;8:A:7;10:B:181;14:A:75577;16:B:163;20:A:53;22:B:345221;26:A:71;28:B:5;32:A:5;34:B:7;38:A:11;40:B:157;44:A:13;46:B:73;50:A:7;52:B:19;56:A:1559;58:B:5;62:A:5;64:B:29;68:A:223;70:B:229;74:A:41;76:B:7;80:A:199;82:B:37;86:A:113;88:B:5;92:A:5;94:B:11
