X,bin_type,bin_lo,bin_hi,H_bin,P_bin,residual,rel
1000000,u,0.0,0.1,0,0.000000,0.000000,0.00000000
1000000,u,0.1,0.2,4,4.000000,0.000000,0.00000000
1000000,u,0.2,0.3,12,12.000000,0.000000,0.00000000
1000000,u,0.3,0.4,36,36.000000,0.000000,0.00000000
1000000,u,0.4,0.5,114,114.000000,0.000000,0.00000000
1000000,u,0.5,0.6,381,381.000000,0.000000,0.00000000
1000000,u,0.6,0.7,1298,1296.242196,1.757804,0.00135608
1000000,u,0.7,0.8,4037,3871.581693,165.418307,0.04272629
1000000,u,0.8,0.9,7116,6762.277190,353.722810,0.05230824
1000000,u,0.9,1.0,3690,3788.947806,-98.947806,-0.02611485
1000000,decade,1,10,2,2.000000,0.000000,0.00000000
1000000,decade,10,100,21,21.000000,0.000000,0.00000000
1000000,decade,100,1000,143,143.000000,0.000000,0.00000000
1000000,decade,1000,10000,1061,1060.956133,0.043867,0.00004135
1000000,decade,10000,100000,6852,6520.715246,331.284754,0.05080497
1000000,decade,100000,1000000,8609,8518.377506,90.622494,0.01063847
1000000,total_le_half,0,500000,16688,16266.048885,421.951115,0.02594060
10000000,u,0.0,0.1,1,1.000000,0.000000,0.00000000
10000000,u,0.1,0.2,6,6.000000,0.000000,0.00000000
10000000,u,0.2,0.3,21,21.000000,0.000000,0.00000000
10000000,u,0.3,0.4,84,84.000000,0.000000,0.00000000
10000000,u,0.4,0.5,332,332.000000,0.000000,0.00000000
10000000,u,0.5,0.6,1401,1401.000000,0.000000,0.00000000
10000000,u,0.6,0.7,5938,5937.839412,0.160588,0.00002704
10000000,u,0.7,0.8,24759,24093.599914,665.400086,0.02761730
10000000,u,0.8,0.9,54818,53884.574572,933.425428,0.01732268
10000000,u,0.9,1.0,38301,36685.471837,1615.528163,0.04403727
10000000,decade,1,10,2,2.000000,0.000000,0.00000000
10000000,decade,10,100,21,21.000000,0.000000,0.00000000
10000000,decade,100,1000,143,143.000000,0.000000,0.00000000
10000000,decade,1000,10000,1061,1061.000000,0.000000,0.00000000
10000000,decade,10000,100000,8363,8361.654655,1.345345,0.00016089
10000000,decade,100000,1000000,52976,50390.600156,2585.399844,0.05130718
10000000,decade,1000000,10000000,63095,62467.230924,627.769076,0.01004957
10000000,total_le_half,0,5000000,125661,122446.485735,3214.514265,0.02625240
100000000,u,0.0,0.1,1,1.000000,0.000000,0.00000000
100000000,u,0.1,0.2,9,9.000000,0.000000,0.00000000
100000000,u,0.2,0.3,42,42.000000,0.000000,0.00000000
100000000,u,0.3,0.4,196,196.000000,0.000000,0.00000000
100000000,u,0.4,0.5,979,979.000000,0.000000,0.00000000
100000000,u,0.5,0.6,5097,5097.000000,0.000000,0.00000000
100000000,u,0.6,0.7,27381,27380.999020,0.000980,0.00000004
100000000,u,0.7,0.8,147628,145729.982772,1898.017228,0.01302421
100000000,u,0.8,0.9,438583,432096.495396,6486.504604,0.01501170
100000000,u,0.9,1.0,360376,347259.017120,13116.982880,0.03777291
100000000,decade,1,10,2,2.000000,0.000000,0.00000000
100000000,decade,10,100,21,21.000000,0.000000,0.00000000
100000000,decade,100,1000,143,143.000000,0.000000,0.00000000
100000000,decade,1000,10000,1061,1061.000000,0.000000,0.00000000
100000000,decade,10000,100000,8363,8363.000000,0.000000,0.00000000
100000000,decade,100000,1000000,68894,68875.685967,18.314033,0.00026590
100000000,decade,1000000,10000000,422584,403010.459051,19573.540949,0.04856832
100000000,decade,10000000,100000000,479224,477314.349291,1909.650709,0.00400082
100000000,total_le_half,0,50000000,980292,958790.494308,21501.505692,0.02242566
1000000000,u,0.0,0.1,2,2.000000,0.000000,0.00000000
1000000000,u,0.1,0.2,14,14.000000,0.000000,0.00000000
1000000000,u,0.2,0.3,77,77.000000,0.000000,0.00000000
1000000000,u,0.3,0.4,454,454.000000,0.000000,0.00000000
1000000000,u,0.4,0.5,2852,2852.000000,0.000000,0.00000000
1000000000,u,0.5,0.6,18731,18731.000000,0.000000,0.00000000
1000000000,u,0.6,0.7,126457,126457.000000,0.000000,0.00000000
1000000000,u,0.7,0.8,869481,865414.098197,4066.901803,0.00469937
1000000000,u,0.8,0.9,3597231,3463197.934269,134033.065731,0.03870211
1000000000,u,0.9,1.0,3261841,3258647.663292,3193.336708,0.00097996
1000000000,decade,1,10,2,2.000000,0.000000,0.00000000
1000000000,decade,10,100,21,21.000000,0.000000,0.00000000
1000000000,decade,100,1000,143,143.000000,0.000000,0.00000000
1000000000,decade,1000,10000,1061,1061.000000,0.000000,0.00000000
1000000000,decade,10000,100000,8363,8363.000000,0.000000,0.00000000
1000000000,decade,100000,1000000,68906,68906.000000,0.000000,0.00000000
1000000000,decade,1000000,10000000,585907,585516.358485,390.641515,0.00066717
1000000000,decade,10000000,100000000,3458843,3305457.738131,153385.261869,0.04640364
1000000000,decade,100000000,1000000000,3753894,3766376.599142,-12482.599142,-0.00331422
1000000000,total_le_half,0,500000000,7877140,7735846.695760,141293.304240,0.01826475
10000000000,u,0.0,0.1,2,2.000000,0.000000,0.00000000
10000000000,u,0.1,0.2,21,21.000000,0.000000,0.00000000
10000000000,u,0.2,0.3,143,143.000000,0.000000,0.00000000
10000000000,u,0.3,0.4,1061,1061.000000,0.000000,0.00000000
10000000000,u,0.4,0.5,8363,8363.000000,0.000000,0.00000000
10000000000,u,0.5,0.6,68906,68906.000000,0.000000,0.00000000
10000000000,u,0.6,0.7,586081,586081.000000,0.000000,0.00000000
10000000000,u,0.7,0.8,5093359,5087701.846015,5657.153985,0.00111193
10000000000,u,0.8,0.9,28844630,27657927.993790,1186702.006210,0.04290640
10000000000,u,0.9,1.0,30236418,30479132.630228,-242714.630228,-0.00796331
10000000000,decade,1,10,2,2.000000,0.000000,0.00000000
10000000000,decade,10,100,21,21.000000,0.000000,0.00000000
10000000000,decade,100,1000,143,143.000000,0.000000,0.00000000
10000000000,decade,1000,10000,1061,1061.000000,0.000000,0.00000000
10000000000,decade,10000,100000,8363,8363.000000,0.000000,0.00000000
10000000000,decade,100000,1000000,68906,68906.000000,0.000000,0.00000000
10000000000,decade,1000000,10000000,586081,586081.000000,0.000000,0.00000000
10000000000,decade,10000000,100000000,5093359,5087701.846015,5657.153985,0.00111193
10000000000,decade,100000000,1000000000,28844630,27657927.993790,1186702.006210,0.04290640
10000000000,decade,1000000000,10000000000,30236418,30479132.630228,-242714.630228,-0.00796331
10000000000,total_le_half,0,5000000000,64838984,63889339.469992,949644.530008,0.01486390
10000000000,u_trunc_q,0.0,0.1,2,2.000000,0.000000,0.00000000
10000000000,u_trunc_q,0.1,0.2,21,21.000000,0.000000,0.00000000
10000000000,u_trunc_q,0.2,0.3,143,143.000000,0.000000,0.00000000
10000000000,u_trunc_q,0.3,0.4,1061,1061.000000,0.000000,0.00000000
10000000000,u_trunc_q,0.4,0.5,8363,8363.000000,0.000000,0.00000000
10000000000,u_trunc_q,0.5,0.6,68906,68906.000000,0.000000,0.00000000
10000000000,u_trunc_q,0.6,0.7,586081,586081.000000,0.000000,0.00000000
10000000000,u_trunc_q,0.7,0.8,5093359,5086617.663198,6741.336802,0.00132531
10000000000,u_trunc_q,0.8,0.9,28844630,25813104.128472,3031525.871528,0.11744135
10000000000,u_trunc_q,0.9,1.0,30236418,15425542.834471,14810875.165529,0.96015261
10000000000,u_trunc_qm1,0.0,0.1,2,2.000000,0.000000,0.00000000
10000000000,u_trunc_qm1,0.1,0.2,21,21.000000,0.000000,0.00000000
10000000000,u_trunc_qm1,0.2,0.3,143,143.000000,0.000000,0.00000000
10000000000,u_trunc_qm1,0.3,0.4,1061,1061.000000,0.000000,0.00000000
10000000000,u_trunc_qm1,0.4,0.5,8363,8363.000000,0.000000,0.00000000
10000000000,u_trunc_qm1,0.5,0.6,68906,68906.000000,0.000000,0.00000000
10000000000,u_trunc_qm1,0.6,0.7,586081,586081.000000,0.000000,0.00000000
10000000000,u_trunc_qm1,0.7,0.8,5093359,5086617.663832,6741.336168,0.00132531
10000000000,u_trunc_qm1,0.8,0.9,28844630,25813104.160017,3031525.839983,0.11744135
10000000000,u_trunc_qm1,0.9,1.0,30236418,15425542.842617,14810875.157383,0.96015261
10000000000,total_trunc_q,0,5000000000,64838984,46989841.626203,17849142.373797,0.37985109
10000000000,total_trunc_qm1,0,5000000000,64838984,46989841.666526,17849142.333474,0.37985108
20000000000,u,0.0,0.1,2,2.000000,0.000000,0.00000000
20000000000,u,0.1,0.2,26,26.000000,0.000000,0.00000000
20000000000,u,0.2,0.3,172,172.000000,0.000000,0.00000000
20000000000,u,0.3,0.4,1368,1368.000000,0.000000,0.00000000
20000000000,u,0.4,0.5,11562,11562.000000,0.000000,0.00000000
20000000000,u,0.5,0.6,102152,102152.000000,0.000000,0.00000000
20000000000,u,0.6,0.7,930580,930580.000000,0.000000,0.00000000
20000000000,u,0.7,0.8,8671093,8665632.491482,5460.508518,0.00063013
20000000000,u,0.8,0.9,53524913,51650258.943552,1874654.056448,0.03629515
20000000000,u,0.9,1.0,59534928,59730861.155364,-195933.155364,-0.00328027
20000000000,decade,1,10,2,2.000000,0.000000,0.00000000
20000000000,decade,10,100,21,21.000000,0.000000,0.00000000
20000000000,decade,100,1000,143,143.000000,0.000000,0.00000000
20000000000,decade,1000,10000,1061,1061.000000,0.000000,0.00000000
20000000000,decade,10000,100000,8363,8363.000000,0.000000,0.00000000
20000000000,decade,100000,1000000,68906,68906.000000,0.000000,0.00000000
20000000000,decade,1000000,10000000,586081,586081.000000,0.000000,0.00000000
20000000000,decade,10000000,100000000,5096867,5096800.577103,66.422897,0.00001303
20000000000,decade,100000000,1000000000,37619784,36386723.574295,1233060.425705,0.03388765
20000000000,decade,1000000000,10000000000,79395568,78944513.438897,451054.561103,0.00571356
20000000000,total_le_half,0,10000000000,122776796,121092614.590403,1684181.409597,0.01390821
20000000000,u_trunc_q,0.0,0.1,2,2.000000,0.000000,0.00000000
20000000000,u_trunc_q,0.1,0.2,26,26.000000,0.000000,0.00000000
20000000000,u_trunc_q,0.2,0.3,172,172.000000,0.000000,0.00000000
20000000000,u_trunc_q,0.3,0.4,1368,1368.000000,0.000000,0.00000000
20000000000,u_trunc_q,0.4,0.5,11562,11562.000000,0.000000,0.00000000
20000000000,u_trunc_q,0.5,0.6,102152,102152.000000,0.000000,0.00000000
20000000000,u_trunc_q,0.6,0.7,930580,930580.000000,0.000000,0.00000000
20000000000,u_trunc_q,0.7,0.8,8671093,8664657.625026,6435.374974,0.00074272
20000000000,u_trunc_q,0.8,0.9,53524913,48517143.143203,5007769.856797,0.10321650
20000000000,u_trunc_q,0.9,1.0,59534928,30962513.803147,28572414.196853,0.92280667
20000000000,u_trunc_qm1,0.0,0.1,2,2.000000,0.000000,0.00000000
20000000000,u_trunc_qm1,0.1,0.2,26,26.000000,0.000000,0.00000000
20000000000,u_trunc_qm1,0.2,0.3,172,172.000000,0.000000,0.00000000
20000000000,u_trunc_qm1,0.3,0.4,1368,1368.000000,0.000000,0.00000000
20000000000,u_trunc_qm1,0.4,0.5,11562,11562.000000,0.000000,0.00000000
20000000000,u_trunc_qm1,0.5,0.6,102152,102152.000000,0.000000,0.00000000
20000000000,u_trunc_qm1,0.6,0.7,930580,930580.000000,0.000000,0.00000000
20000000000,u_trunc_qm1,0.7,0.8,8671093,8664657.625393,6435.374607,0.00074272
20000000000,u_trunc_qm1,0.8,0.9,53524913,48517143.173533,5007769.826467,0.10321650
20000000000,u_trunc_qm1,0.9,1.0,59534928,30962513.811660,28572414.188340,0.92280667
20000000000,total_trunc_q,0,10000000000,122776796,89190176.571290,33586619.428710,0.37657308
20000000000,total_trunc_qm1,0,10000000000,122776796,89190176.610465,33586619.389535,0.37657308
