X,lam_lo,lam_hi,n_q,mu_emp,lam_mean,P0_emp,exp_m_mu,exp_m_lam,g,under,tilde_g,logX_g,var_N,var_over_mu,P_N0,P_N1,P_N2,P_Nge3,m2_fact,m3_fact,m4_fact,kappa2F,kappa3F,kappa4F,S2,S3
100000000,0.5,0.59460356,113262,0.48432837,0.54463334,0.58243718,0.61611086,0.58005442,-0.00238276,0.03367367,0.62029201,-0.04389200,0.38941289,0.80402659,0.58243718,0.35382564,0.06074412,0.00299306,0.13965849,0.01859406,0.00084759,-9.49154804e-02,4.28940069e-02,-3.07151319e-02,9.49154804e-02,2.14470034e-02
100000000,0.59460356,0.70710678,96429,0.64944156,0.64773202,0.47828973,0.52233739,0.52323111,0.04494138,0.04404766,0.81138796,0.82785086,0.50455488,0.77690575,0.47828973,0.40447376,0.10695952,0.01027699,0.27688766,0.06558193,0.00522664,-1.44886679e-01,7.39504397e-02,-6.10924543e-02,1.44886679e-01,3.69752198e-02
100000000,0.70710678,0.84089642,81864,0.69509186,0.77036531,0.45549936,0.49902861,0.46284396,0.00734459,0.04352924,0.80183824,0.13529240,0.54348905,0.78189529,0.45549936,0.40856787,0.12179957,0.01413320,0.33154989,0.09425388,0.01260627,-1.51602806e-01,7.45520089e-02,-5.75786379e-02,1.51602806e-01,3.72760045e-02
100000000,0.84089642,1,69611,0.89985778,0.91598509,0.35682579,0.40662749,0.40012227,0.04329649,0.04980170,0.91738116,0.79755074,0.68501973,0.76125333,0.35682579,0.42500467,0.18188217,0.03628737,0.59490598,0.25832124,0.05550847,-2.14838049e-01,1.09637849e-01,-8.94940081e-02,2.14838049e-01,5.48189245e-02
100000000,1,1.1892071,59211,1.02274915,1.08946737,0.30747665,0.35960497,0.33639562,0.02891897,0.05212832,0.96023914,0.53270707,0.76935632,0.75224342,0.30747665,0.42252284,0.21544983,0.05455067,0.79262299,0.43279120,0.14956680,-2.53392834e-01,1.40451324e-01,-1.21474491e-01,2.53392834e-01,7.02256619e-02
100000000,1.1892071,1.4142136,50302,1.28668840,1.29538972,0.22472268,0.27618388,0.27379114,0.04906847,0.05146121,0.94795043,0.90387456,0.95154599,0.73953103,0.22472268,0.39217129,0.27356765,0.10953839,1.32042464,1.02651982,0.57922150,-3.35142409e-01,1.89992457e-01,-1.47382040e-01,3.35142409e-01,9.49962286e-02
100000000,1.4142136,1.6817928,42789,1.50052584,1.54029927,0.17530206,0.22301286,0.21431695,0.03901489,0.04771080,0.87886537,0.71868082,1.10283573,0.73496617,0.17530206,0.35434341,0.30549908,0.16485545,1.85388768,1.81238169,1.35679731,-3.97690103e-01,2.24063873e-01,-1.59550780e-01,3.97690103e-01,1.12031937e-01
100000000,1.6817928,2,36459,1.79343921,1.83187448,0.11879097,0.16638695,0.16011316,0.04132219,0.04759597,0.87675026,0.76118281,1.28394609,0.71591281,0.11879097,0.30831893,0.31912559,0.25376450,2.70693107,3.36756356,3.36246194,-5.09493111e-01,3.40337092e-01,-3.70692030e-01,5.09493111e-01,1.70168546e-01
100000000,2,2.3784142,30998,2.11123298,2.17852684,0.08136009,0.12108857,0.11320818,0.03184809,0.03972849,0.73182577,0.58666356,1.50417668,0.71246361,0.08136009,0.24746758,0.31711723,0.35405510,3.85024840,5.96612685,7.68746371,-6.07056304e-01,4.00630011e-01,-4.33937250e-01,6.07056304e-01,2.00315005e-01
100000000,2.3784142,2.8284271,26319,2.53155515,2.59074095,0.04791215,0.07953523,0.07496447,0.02705232,0.03162308,0.58251866,0.49832215,1.76798296,0.69837821,0.04791215,0.17797029,0.28705498,0.48706258,5.64519929,10.96774194,18.32531631,-7.63572193e-01,5.42658846e-01,-6.29888063e-01,7.63572193e-01,2.71329423e-01
100000000,2.8284271,3.3635857,22480,3.03616548,3.08063403,0.02442171,0.04801867,0.04593013,0.02150842,0.02359696,0.43467202,0.39619970,2.10078281,0.69191973,0.02442171,0.11979537,0.22798043,0.62780249,8.28291815,20.15097865,43.33985765,-9.35382675e-01,6.82621663e-01,-8.16410697e-01,9.35382675e-01,3.41310832e-01
100000000,3.3635857,4,19085,3.60964108,3.66427794,0.01367566,0.02706156,0.02562267,0.01194700,0.01338590,0.24657733,0.22007195,2.47628117,0.68601867,0.01367566,0.06743516,0.16657061,0.75231857,11.89614881,35.50516112,95.11469741,-1.13335991e+00,7.46378704e-01,-6.80813832e-01,1.13335991e+00,3.73189352e-01
1000000000,0.5,0.59460356,881477,0.55455786,0.54464578,0.53923585,0.57432614,0.58004721,0.04081136,0.03509029,0.72718533,0.84574468,0.44757774,0.80708934,0.53923585,0.37336425,0.08109571,0.00630419,0.20055430,0.03943835,0.00215094,-1.06980125e-01,4.68727281e-02,-3.33348612e-02,1.06980125e-01,2.34363641e-02
1000000000,0.59460356,0.70710678,748295,0.57741265,0.64770347,0.52454580,0.56134889,0.52324605,-0.00129975,0.03680309,0.76268029,-0.02693508,0.46254676,0.80106794,0.52454580,0.38068676,0.08769670,0.00707074,0.21853948,0.04458937,0.00288656,-1.14865890e-01,5.10519426e-02,-3.59858191e-02,1.14865890e-01,2.55259713e-02
1000000000,0.70710678,0.84089642,635445,0.75398815,0.77024334,0.42665534,0.47048644,0.46290041,0.03624508,0.04383110,0.90832353,0.75111636,0.59139454,0.78435522,0.42665534,0.41401065,0.13901439,0.02031962,0.40590452,0.13990511,0.02443642,-1.62593607e-01,7.90452106e-02,-6.18553882e-02,1.62593607e-01,3.95226053e-02
1000000000,0.84089642,1,539314,0.86988471,0.91597174,0.37262893,0.41899985,0.40012762,0.02749868,0.04637092,0.96095696,0.56986253,0.67708315,0.77835964,0.37262893,0.42168199,0.17141962,0.03426946,0.56389784,0.25260980,0.06532743,-1.92801560e-01,9.75139465e-02,-8.27304860e-02,1.92801560e-01,4.87569733e-02
1000000000,1,1.1892071,458178,1.07814212,1.08927964,0.29443797,0.34022704,0.33645878,0.04202081,0.04578907,0.94889908,0.87080839,0.84028320,0.77938074,0.29443797,0.41225681,0.22381258,0.06949264,0.92453151,0.60437647,0.28034519,-2.37858916e-01,1.20491530e-01,-1.01255320e-01,2.37858916e-01,6.02457651e-02
1000000000,1.1892071,1.4142136,389182,1.25266585,1.29544001,0.23920685,0.28574204,0.27377737,0.03457052,0.04653519,0.96436104,0.71641418,0.96204246,0.76799608,0.23920685,0.39434249,0.26100899,0.10544167,1.27854834,1.02894276,0.63147833,-2.90623387e-01,1.55456898e-01,-1.26921617e-01,2.90623387e-01,7.77284492e-02
1000000000,1.4142136,1.6817928,330111,1.52266359,1.54054948,0.17139992,0.21813010,0.21426334,0.04286341,0.04673018,0.96840195,0.88826990,1.13923557,0.74818599,0.17139992,0.35528958,0.29882070,0.17448979,1.93507638,1.99860047,1.60767742,-3.83428022e-01,2.19793895e-01,-2.13647703e-01,3.83428022e-01,1.09896947e-01
1000000000,1.6817928,2,280857,1.78136917,1.83196947,0.12649142,0.16840741,0.16009795,0.03360653,0.04191599,0.86863629,0.69643708,1.32232842,0.74231015,0.12649142,0.30684298,0.31567310,0.25099250,2.71423536,3.46258772,3.59115137,-4.59040749e-01,2.62974618e-01,-2.44526370e-01,4.59040749e-01,1.31487309e-01
1000000000,2,2.3784142,238298,2.14337091,2.17870502,0.08188906,0.11725891,0.11318801,0.03129895,0.03536984,0.73297868,0.64861642,1.57957152,0.73695668,0.08188906,0.24367389,0.30906260,0.36537445,4.03023945,6.55231685,9.02228302,-5.63799390e-01,3.30881289e-01,-3.32626630e-01,5.63799390e-01,1.65440645e-01
1000000000,2.3784142,2.8284271,202392,2.55680560,2.59075984,0.04949800,0.07755208,0.07496306,0.02546505,0.02805407,0.58137202,0.52771910,1.86550311,0.72962258,0.04949800,0.17877683,0.28049528,0.49122989,5.84595241,11.84406498,21.01588996,-6.91302492e-01,4.32153271e-01,-4.57913083e-01,6.91302492e-01,2.16076636e-01
1000000000,2.8284271,3.3635857,172234,3.04711613,3.08088967,0.02761940,0.04749570,0.04591839,0.01829898,0.01987630,0.41190178,0.37921473,2.20146227,0.72247403,0.02761940,0.11898348,0.22907208,0.62432505,8.43926286,21.07486327,47.00716467,-8.45653863e-01,5.13060305e-01,-4.90368462e-01,8.45653863e-01,2.56530152e-01
1000000000,3.3635857,4,146123,3.62411119,3.66397886,0.01297537,0.02667279,0.02563033,0.01265496,0.01369742,0.28385535,0.26225210,2.58218030,0.71250030,0.01297537,0.06996161,0.16872087,0.74834215,12.09225105,37.03121343,103.74662442,-1.04193090e+00,7.59697902e-01,-9.20429746e-01,1.04193090e+00,3.79848951e-01
10000000000,0.5,0.59460356,7048367,0.51573776,0.54464405,0.56611524,0.59705995,0.58004822,0.01393297,0.03094470,0.71252810,0.32081857,0.42397793,0.82208045,0.56611524,0.35721125,0.07157431,0.00509920,0.17422560,0.03204061,0.00192725,-9.17598316e-02,3.68339102e-02,-2.36264776e-02,9.17598316e-02,1.84169551e-02
10000000000,0.59460356,0.70710678,5976271,0.60019333,0.64769546,0.51505847,0.54870554,0.52325024,0.00819177,0.03364707,0.77475250,0.18862249,0.49120258,0.81840726,0.51505847,0.37976089,0.09540715,0.00977349,0.25124128,0.06399911,0.00714425,-1.08990751e-01,4.40368062e-02,-2.84104458e-02,1.08990751e-01,2.20184031e-02
10000000000,0.70710678,0.84089642,5069425,0.75649625,0.77023793,0.43030561,0.46930789,0.46290292,0.03259731,0.03900228,0.89806070,0.75058079,0.60952694,0.80572368,0.43030561,0.40724047,0.13958644,0.02286748,0.42531727,0.16436420,0.03757586,-1.46969306e-01,6.49767411e-02,-4.67032750e-02,1.46969306e-01,3.24883705e-02
10000000000,0.84089642,1,4299307,0.86374060,0.91597466,0.38148543,0.42158216,0.40012645,0.01864101,0.04009673,0.92326121,0.42922519,0.69429826,0.80382729,0.38148543,0.41289305,0.16936520,0.03625631,0.57660549,0.28004699,0.08940045,-1.69442335e-01,7.47178751e-02,-5.29939493e-02,1.69442335e-01,3.73589375e-02
10000000000,1,1.1892071,3646623,1.07419385,1.08927297,0.29872542,0.34157300,0.33646102,0.03773560,0.04284758,0.98660199,0.86889430,0.84986776,0.79116797,0.29872542,0.40906806,0.22187651,0.07033000,0.92956634,0.62286998,0.30656309,-2.24326086e-01,1.06274939e-01,-7.94217369e-02,2.24326086e-01,5.31374694e-02
10000000000,1.1892071,1.4142136,3094255,1.28623853,1.29536277,0.23315467,0.27630816,0.27379852,0.04064385,0.04315349,0.99364576,0.93585925,1.00487935,0.78125428,0.23315467,0.38760348,0.26335257,0.11588929,1.37305038,1.18196658,0.78989482,-2.81359175e-01,1.39686303e-01,-1.10444884e-01,2.81359175e-01,6.98431516e-02
10000000000,1.4142136,1.6817928,2624521,1.50479992,1.54048633,0.18112105,0.22206172,0.21427687,0.03315582,0.04094067,0.94269373,0.76344090,1.16901476,0.77685727,0.18112105,0.35459232,0.29157816,0.17270847,1.92863764,2.06247921,1.79326894,-3.35785165e-01,1.70844411e-01,-1.38785858e-01,3.35785165e-01,8.54222057e-02
10000000000,1.6817928,2,2226939,1.78458009,1.83196162,0.12994429,0.16786754,0.16009921,0.03015492,0.03792325,0.87321507,0.69434269,1.36852525,0.76686121,0.12994429,0.30656071,0.30963578,0.25385922,2.76867126,3.67938053,4.11269101,-4.16054839e-01,2.23431296e-01,-1.93894131e-01,4.16054839e-01,1.11715648e-01
10000000000,2,2.3784142,1889278,2.14746162,2.17855435,0.08505948,0.11678021,0.11320507,0.02814559,0.03172074,0.73039695,0.64807615,1.63385260,0.76082971,0.08505948,0.24295736,0.30612806,0.36585510,4.09798240,6.87729069,10.02952027,-5.13609018e-01,2.82942057e-01,-2.47737026e-01,5.13609018e-01,1.41471028e-01
10000000000,2.3784142,2.8284271,1603426,2.56550411,2.59078937,0.05186956,0.07688042,0.07496085,0.02309129,0.02501086,0.57589624,0.53169650,1.93031455,0.75241140,0.05186956,0.17901793,0.27674866,0.49236385,5.94662180,12.34949040,22.75927670,-6.35189564e-01,3.52570602e-01,-3.05259403e-01,6.35189564e-01,1.76285301e-01
10000000000,2.8284271,3.3635857,1360628,3.03870198,3.08094912,0.02937100,0.04789702,0.04591566,0.01654466,0.01852602,0.42657747,0.38095488,2.27243963,0.74783235,0.02937100,0.12267130,0.22945140,0.61850631,8.46744738,21.52308199,49.57406139,-7.66262349e-01,4.49918679e-01,-4.64818472e-01,7.66262349e-01,2.24959339e-01
10000000000,3.3635857,4,1154704,3.63833935,3.66386993,0.01439936,0.02629598,0.02563312,0.01123376,0.01189661,0.27392968,0.25866691,2.69018513,0.73939918,0.01439936,0.07243328,0.16608499,0.74708237,12.28935900,38.37936302,110.29902036,-9.48154216e-01,5.65918166e-01,-5.58510672e-01,9.48154216e-01,2.82959083e-01
20000000000,0.5,0.59460356,13237553,0.50053125,0.54463900,0.57668438,0.60620852,0.58005114,0.00336677,0.02952415,0.70028319,0.07985635,0.41407007,0.82726117,0.57668438,0.35084551,0.06779863,0.00467148,0.16407035,0.02936147,0.00177676,-8.64611825e-02,3.37921773e-02,-2.11045416e-02,8.64611825e-02,1.68960886e-02
20000000000,0.59460356,0.70710678,11223476,0.60833221,0.64768845,0.51046726,0.54425782,0.52325391,0.01278665,0.03379056,0.80147828,0.30328653,0.49799525,0.81862384,0.51046726,0.38145170,0.09771010,0.01037094,0.25973112,0.06848360,0.00835249,-1.10336961e-01,4.47238447e-02,-2.89553236e-02,1.10336961e-01,2.23619224e-02
20000000000,0.70710678,0.84089642,9515033,0.75485130,0.77023947,0.43200134,0.47008051,0.46290220,0.03090086,0.03807917,0.90319982,0.73293750,0.61102391,0.80946262,0.43200134,0.40569770,0.13929757,0.02300339,0.42597309,0.16650053,0.03960302,-1.43827391e-01,6.20907730e-02,-4.28882296e-02,1.43827391e-01,3.10453865e-02
20000000000,0.84089642,1,8069067,0.88554711,0.91596836,0.37357789,0.41248843,0.40012897,0.02655108,0.03891055,0.92291917,0.62976511,0.71712052,0.80980505,0.37357789,0.41161896,0.17470917,0.04009398,0.61576710,0.32045192,0.11683433,-1.68426591e-01,7.34605009e-02,-5.09644895e-02,1.68426591e-01,3.67302505e-02
20000000000,1,1.1892071,6841812,1.06478839,1.08927494,0.30343628,0.34480081,0.33646036,0.03302408,0.04136453,0.98112513,0.78329801,0.84988878,0.79817622,0.30343628,0.40829242,0.21877231,0.06949899,0.91887471,0.61985421,0.31119125,-2.14899613e-01,9.90923183e-02,-7.29619202e-02,2.14899613e-01,4.95461592e-02
20000000000,1.1892071,1.4142136,5802947,1.27519741,1.29537846,0.23688119,0.27937581,0.27379422,0.03691303,0.04249462,1.00792979,0.87554017,1.00003599,0.78422053,0.23688119,0.38827117,0.26117523,0.11367242,1.35096702,1.15410842,0.76512848,-2.75161424e-01,1.33129048e-01,-1.00683023e-01,2.75161424e-01,6.65645239e-02
20000000000,1.4142136,1.6817928,4921812,1.50431366,1.54048060,0.18194986,0.22216973,0.21427810,0.03232824,0.04021987,0.95397496,0.76679337,1.17406382,0.78046478,0.18194986,0.35440931,0.29046274,0.17317809,1.93270974,2.07818828,1.82164130,-3.30249831e-01,1.64385283e-01,-1.31635583e-01,3.30249831e-01,8.21926414e-02
20000000000,1.6817928,2,4173809,1.80080952,1.83196712,0.12885448,0.16516513,0.16009832,0.03124384,0.03631065,0.86125215,0.74107263,1.39164141,0.77278656,0.12885448,0.30301219,0.30876497,0.25936836,2.83374682,3.83873675,4.39595008,-4.09168118e-01,2.09366169e-01,-1.69532831e-01,4.09168118e-01,1.04683085e-01
20000000000,2,2.3784142,3541174,2.15393821,2.17859225,0.08575772,0.11602632,0.11320078,0.02744306,0.03026860,0.71794093,0.65092188,1.65797244,0.76974002,0.08575772,0.24236849,0.30356147,0.36831232,4.14348405,7.04965190,10.50283550,-4.95965775e-01,2.61402525e-01,-2.05734933e-01,4.95965775e-01,1.30701262e-01
20000000000,2.3784142,2.8284271,3003125,2.55722622,2.59077370,0.05305041,0.07751946,0.07496202,0.02191161,0.02446906,0.58038155,0.51972153,1.94184341,0.75935535,0.05305041,0.18067746,0.27698314,0.48928899,5.92402314,12.33794398,22.89488716,-6.15382811e-01,3.36222776e-01,-2.98793755e-01,6.15382811e-01,1.68111388e-01
20000000000,2.8284271,3.3635857,2548082,3.04515475,3.08092480,0.02994998,0.04758895,0.04591677,0.01596680,0.01763897,0.41837867,0.37871638,2.29711233,0.75434995,0.02994998,0.12234614,0.22823716,0.61946672,8.52492502,21.82171688,50.76844466,-7.48042416e-01,4.17810806e-01,-3.67939273e-01,7.48042416e-01,2.08905403e-01
20000000000,3.3635857,4,2162648,3.64141182,3.66390508,0.01451230,0.02621531,0.02563222,0.01111992,0.01170300,0.27758355,0.26375335,2.72265337,0.74769169,0.01451230,0.07293975,0.16707065,0.74547730,12.34112162,38.79652167,112.65636941,-9.18758453e-01,5.48571242e-01,-5.94935362e-01,9.18758453e-01,2.74285621e-01
