X,lam_lo,lam_hi,lam_mid,width,n_q,mu_emp,lam_mean,P0_emp,under,g_lam,var_N,mu_minus_var,var_over_mu,Q,Q_lam,exp_m_mu
100000000,0.20000000,0.23784142,0.21892071,0.03784142,268189,0.17308316,0.21786146,0.82987371,0.01119396,-0.02563685,0.14903912,0.02404404,0.86108388,1.10707072,-2.53545716,0.84106767
100000000,0.23784142,0.28284271,0.26034207,0.04500129,227767,0.29482322,0.25908111,0.72292299,0.02174023,0.04883743,0.24339490,0.05142832,0.82556218,1.13535556,2.55047198,0.74466322
100000000,0.28284271,0.33635857,0.30960064,0.05351586,193513,0.29757174,0.30810394,0.72050457,0.02211474,0.01433437,0.24517541,0.05239633,0.82392034,1.13669704,0.73678623,0.74261931
100000000,0.33635857,0.40000000,0.36817929,0.06364143,164449,0.30136395,0.36637150,0.71746864,0.02233983,-0.02422343,0.24820889,0.05315506,0.82361840,1.13617688,-1.23197451,0.73980847
100000000,0.40000000,0.47568285,0.43784143,0.07568285,139760,0.32784774,0.43571502,0.69714511,0.02332761,-0.05034308,0.27106480,0.05678294,0.82680089,1.14042002,-2.46112894,0.72047271
100000000,0.47568285,0.56568542,0.52068413,0.09000257,118849,0.45027724,0.51817520,0.60389233,0.03355906,-0.00828591,0.35899682,0.09128042,0.79727952,1.15349329,-0.28480362,0.63745140
100000000,0.56568542,0.67271713,0.61920127,0.10703171,100904,0.62650638,0.61625555,0.49347895,0.04097678,0.04648357,0.49309389,0.13341249,0.78705326,1.14936931,1.30383083,0.53445573
100000000,0.67271713,0.80000000,0.73635856,0.12728287,85751,0.65367168,0.73278906,0.47535306,0.04477945,0.00521373,0.50642840,0.14724328,0.77474429,1.16938972,0.13615358,0.52013251
100000000,0.80000000,0.95136569,0.87568285,0.15136569,73001,0.84894727,0.87140418,0.37947425,0.04839087,0.03888942,0.64896839,0.19997888,0.76443898,1.13110366,0.90901373,0.42786512
100000000,0.95136569,1.13137080,1.04136825,0.18000511,61963,0.98623372,1.03629968,0.32023950,0.05273929,0.03452550,0.74059128,0.24564244,0.75092877,1.15126880,0.75367209,0.37297879
100000000,1.13137080,1.34543430,1.23840255,0.21406350,52809,1.21604272,1.23231746,0.24520442,0.05119637,0.04641157,0.90806811,0.30797461,0.74674030,1.12169528,1.01686192,0.29640079
100000000,1.34543430,1.60000000,1.47271715,0.25456570,44899,1.41268180,1.46576464,0.19350097,0.04998845,0.03740040,1.03513261,0.37754919,0.73274294,1.08754199,0.81367807,0.24348942
100000000,1.60000000,1.90273140,1.75136570,0.30273140,38119,1.72260552,1.74320515,0.12954170,0.04905850,0.04541703,1.22392589,0.49867963,0.71050851,1.10164256,1.01987083,0.17860019
100000000,1.90273140,2.26274170,2.08273655,0.36001030,32476,2.01028452,2.07288414,0.09299175,0.04095881,0.03283062,1.44841006,0.56187446,0.72050003,1.08841247,0.87241930,0.13395056
100000000,2.26274170,2.69086850,2.47680510,0.42812680,27580,2.41537346,2.46495872,0.05493111,0.03440286,0.03008124,1.68866866,0.72670480,0.69913357,1.05986336,0.92672540,0.08933397
100000000,2.69086850,3.20000000,2.94543425,0.50913150,23531,2.87306107,2.93155839,0.03008797,0.02643766,0.02322592,1.98630884,0.88675223,0.69135629,1.05488542,0.92673422,0.05652563
100000000,3.20000000,3.80546280,3.50273140,0.60546280,19932,3.46051575,3.48519238,0.01555288,0.01586068,0.01509498,2.39353431,1.06698144,0.69166982,0.94640675,0.90071743,0.03141356
100000000,3.80546280,4.52548340,4.16547310,0.72002060,17047,4.09239162,4.14414196,0.00615944,0.01053981,0.00969759,2.76385776,1.32853386,0.67536492,0.95015235,0.87422714,0.01669925
100000000,4.52548340,5.38173710,4.95361025,0.85625370,14537,4.88168123,4.92992608,0.00261402,0.00497023,0.00461302,3.25531346,1.62636777,0.66684269,0.80588847,0.74796934,0.00758425
100000000,5.38173710,6.40000000,5.89086855,1.01826290,12304,5.79933355,5.86287666,0.00105657,0.00197301,0.00178649,3.83611464,1.96321891,0.66147508,0.66345140,0.60073152,0.00302957
100000000,6.40000000,7.61092550,7.00546275,1.21092550,10543,6.95731765,6.97347614,0.00037940,0.00057225,0.00055699,4.44719652,2.51012113,0.63921137,0.47912163,0.46634506,0.00095165
100000000,7.61092550,8.00000000,7.80546275,0.38907450,2708,7.72932053,7.80436047,0.00036928,0.00007047,0.00003868,4.68559525,3.04372528,0.60621050,0.10530041,0.05779793,0.00043974
1000000000,0.20000000,0.23784142,0.21892071,0.03784142,2099527,0.24632882,0.21785692,0.76614495,0.01552021,0.03809556,0.21059845,0.03573037,0.85494851,1.11139726,2.72801084,0.78166516
1000000000,0.23784142,0.28284271,0.26034207,0.04500129,1780523,0.26251556,0.25907524,0.75164376,0.01747063,0.02012119,0.22191979,0.04059577,0.84535859,1.11909470,1.28887836,0.76911439
1000000000,0.28284271,0.33635857,0.30960064,0.05351586,1512066,0.26462800,0.30809058,0.74990906,0.01758234,-0.01506031,0.22367415,0.04095385,0.84523992,1.11876382,-0.95828712,0.76749140
1000000000,0.33635857,0.40000000,0.36817929,0.06364143,1282570,0.26688056,0.36639200,0.74780792,0.01795661,-0.05457692,0.22503228,0.04184828,0.84319473,1.12067965,-3.40616875,0.76576453
1000000000,0.40000000,0.47568285,0.43784143,0.07568285,1088832,0.38399496,0.43571577,0.65531046,0.02582440,-0.00850892,0.31699785,0.06699711,0.82552607,1.13180357,-0.37291964,0.68113486
1000000000,0.47568285,0.56568542,0.52068413,0.09000257,924357,0.50189267,0.51816319,0.57449665,0.03088713,0.02111692,0.41225624,0.08963643,0.82140319,1.13839300,0.77829678,0.60538378
1000000000,0.56568542,0.67271713,0.61920127,0.10703171,784141,0.57613873,0.61620313,0.52518616,0.03687831,0.01480466,0.46110776,0.11503097,0.80034155,1.14077526,0.45795997,0.56206446
1000000000,0.67271713,0.80000000,0.73635856,0.12728287,666189,0.68236491,0.73278977,0.46493563,0.04048468,0.01563082,0.54212517,0.14023974,0.79447985,1.14234405,0.44105015,0.50542030
1000000000,0.80000000,0.95136569,0.87568285,0.15136569,565321,0.85547326,0.87142611,0.37913504,0.04594693,0.03921946,0.66699377,0.18847949,0.77967811,1.14696380,0.97902735,0.42508197
1000000000,0.95136569,1.13137080,1.04136825,0.18000511,480256,0.98523288,1.03633620,0.32800007,0.04535221,0.02675198,0.77089984,0.21433304,0.78245444,1.13349740,0.66861791,0.37335227
1000000000,1.13137080,1.34543430,1.23840255,0.21406350,407807,1.21122492,1.23245360,0.25082453,0.04700770,0.04075176,0.93114217,0.28008275,0.76876075,1.12704417,0.97705341,0.29783224
1000000000,1.34543430,1.60000000,1.47271715,0.25456570,346142,1.44989340,1.46559907,0.18806444,0.04653086,0.04287517,1.09064618,0.35924722,0.75222508,1.10422700,1.01747357,0.23459530
1000000000,1.60000000,1.90273140,1.75136570,0.30273140,294129,1.69913881,1.74290188,0.13953401,0.04330690,0.03547779,1.27193236,0.42720645,0.74857472,1.10885792,0.90839631,0.18284092
1000000000,1.90273140,2.26274170,2.08273655,0.36001030,249937,2.02316984,2.07268500,0.09482790,0.03740774,0.03101953,1.49726861,0.52590123,0.74006076,1.07581793,0.89209791,0.13223563
1000000000,2.26274170,2.69086850,2.47680510,0.42812680,212140,2.43537287,2.46489853,0.05758461,0.02998048,0.02743285,1.78102650,0.65434637,0.73131574,1.04647746,0.95755169,0.08756509
1000000000,2.69086850,3.20000000,2.94543425,0.50913150,180345,2.89654828,2.93117129,0.03229920,0.02291427,0.02103533,2.09056476,0.80598352,0.72174345,1.02982823,0.94538367,0.05521347
1000000000,3.20000000,3.80546280,3.50273140,0.60546280,153254,3.44311405,3.48571827,0.01672387,0.01524112,0.01390788,2.46406337,0.97905068,0.71564965,0.97401835,0.88881462,0.03196499
1000000000,3.80546280,4.52548340,4.16547310,0.72002060,130194,4.12078130,4.14550627,0.00737361,0.00885822,0.00846181,2.92796684,1.19281446,0.71053682,0.91503170,0.87408356,0.01623183
1000000000,4.52548340,5.38173710,4.95361025,0.85625370,110692,4.86556391,4.92948495,0.00308965,0.00461783,0.00414057,3.40977177,1.45579214,0.70079683,0.82310668,0.73803730,0.00770748
1000000000,5.38173710,6.40000000,5.89086855,1.01826290,94040,5.83923862,5.86234175,0.00096767,0.00194338,0.00187690,4.04216939,1.79706923,0.69224254,0.74297128,0.71755539,0.00291106
1000000000,6.40000000,7.61092550,7.00546275,1.21092550,80054,6.93900367,6.97211581,0.00023734,0.00073189,0.00070033,4.82905482,2.10994885,0.69592914,0.71577230,0.68490731,0.00096923
1000000000,7.61092550,8.00000000,7.80546275,0.38907450,20641,7.75156242,7.80199197,0.00000000,0.00043007,0.00040892,5.20439960,2.54716282,0.67140008,0.78518722,0.74657325,0.00043007
10000000000,0.20000000,0.23784142,0.21892071,0.03784142,16868926,0.23475110,0.21785321,0.77651411,0.01425354,0.02772938,0.20217344,0.03257766,0.86122468,1.10658290,2.15278856,0.79076764
10000000000,0.23784142,0.28284271,0.26034207,0.04500129,14298883,0.23644749,0.25907433,0.77502166,0.01440568,-0.00325600,0.20347837,0.03296912,0.86056473,1.10699139,-0.25020436,0.78942733
10000000000,0.28284271,0.33635857,0.30960064,0.05351586,12123507,0.23837739,0.30809311,0.77324985,0.01465543,-0.03840296,0.20480810,0.03356929,0.85917587,1.10818531,-2.90387906,0.78790528
10000000000,0.33635857,0.40000000,0.36817929,0.06364143,10278614,0.30043788,0.36638636,0.72284824,0.01764567,-0.02961332,0.25754419,0.04289369,0.85722941,1.11110027,-1.86467093,0.74049390
10000000000,0.40000000,0.47568285,0.43784143,0.07568285,8715582,0.39454118,0.43571517,0.65074576,0.02324345,-0.00394383,0.33302958,0.06151160,0.84409333,1.12129690,-0.19025594,0.67398921
10000000000,0.47568285,0.56568542,0.52068413,0.09000257,7389981,0.51446262,0.51815264,0.56701255,0.03080921,0.02860730,0.42317369,0.09128893,0.82255478,1.12906961,1.04837589,0.59782176
10000000000,0.56568542,0.67271713,0.61920127,0.10703171,6267166,0.55967546,0.61618808,0.53941734,0.03197714,0.00058161,0.46034318,0.09933228,0.82251807,1.12679049,0.02049441,0.57139448
10000000000,0.67271713,0.80000000,0.73635856,0.12728287,5315405,0.72096087,0.73278165,0.44816886,0.03811592,0.03240149,0.58252447,0.13843640,0.80798348,1.13238845,0.96261807,0.48628478
10000000000,0.80000000,0.95136569,0.87568285,0.15136569,4507604,0.81883879,0.87141870,0.40152152,0.03942187,0.01683608,0.65985038,0.15898841,0.80583674,1.12465397,0.48031116,0.44094339
10000000000,0.95136569,1.13137080,1.04136825,0.18000511,3824099,1.02948459,1.03630143,0.31491706,0.04227396,0.03984732,0.81818372,0.21130087,0.79475082,1.12021432,1.05591098,0.35719101
10000000000,1.13137080,1.34543430,1.23840255,0.21406350,3244020,1.20956067,1.23238839,0.25632549,0.04200283,0.03526982,0.95618204,0.25337863,0.79052012,1.11133269,0.93318721,0.29832832
10000000000,1.34543430,1.60000000,1.47271715,0.25456570,2751380,1.43383320,1.46556769,0.19648794,0.04190541,0.03445890,1.11549307,0.31834013,0.77797966,1.10436986,0.90812548,0.23839336
10000000000,1.60000000,1.90273140,1.75136570,0.30273140,2334699,1.70083296,1.74286029,0.14393162,0.03859980,0.03108746,1.31249523,0.38833773,0.77167791,1.08910018,0.87713818,0.18253142
10000000000,1.90273140,2.26274170,2.08273655,0.36001030,1981035,2.02913578,2.07260352,0.09754346,0.03390562,0.02831423,1.54578355,0.48335223,0.76179404,1.06728506,0.89127864,0.13144907
10000000000,2.26274170,2.69086850,2.47680510,0.42812680,1680826,2.44612827,2.46482748,0.06002703,0.02660131,0.02499648,1.85228005,0.59384822,0.75722932,1.03418342,0.97179218,0.08662834
10000000000,2.69086850,3.20000000,2.94543425,0.50913150,1426488,2.88013920,2.93114104,0.03550538,0.02062157,0.01783076,2.15356890,0.72657030,0.74773084,1.01135271,0.87448179,0.05612695
10000000000,3.20000000,3.80546280,3.50273140,0.60546280,1210658,3.46802978,3.48576994,0.01760282,0.01357557,0.01302734,2.57617518,0.89185460,0.74283537,0.97642796,0.93699632,0.03117840
10000000000,3.80546280,4.52548340,4.16547310,0.72002060,1027447,4.09586577,4.14539951,0.00826807,0.00837327,0.00756904,3.00839898,1.08746679,0.73449648,0.92538188,0.83650145,0.01664133
10000000000,4.52548340,5.38173710,4.95361025,0.85625370,872078,4.89987937,4.92953937,0.00312013,0.00432735,0.00410970,3.57236069,1.32751868,0.72907115,0.87539074,0.83136177,0.00744748
10000000000,5.38173710,6.40000000,5.89086855,1.01826290,740402,5.81854182,5.86234060,0.00103457,0.00193736,0.00181000,4.20637266,1.61216916,0.72292557,0.80870536,0.75554192,0.00297194
10000000000,6.40000000,7.61092550,7.00546275,1.21092550,628670,6.94513338,6.97145890,0.00025610,0.00070722,0.00068219,4.97323315,1.97190023,0.71607453,0.74461657,0.71826302,0.00096331
10000000000,7.61092550,8.00000000,7.80546275,0.38907450,162567,7.76465088,7.80237722,0.00007382,0.00035066,0.00033495,5.38678540,2.37786548,0.69375758,0.69482266,0.66369375,0.00042448
20000000000,0.20000000,0.23784142,0.21892071,0.03784142,31723099,0.22818628,0.21785350,0.78247251,0.01350346,0.02177074,0.19743489,0.03075139,0.86523559,1.10334250,1.77884652,0.79597597
20000000000,0.23784142,0.28284271,0.26034207,0.04500129,26887221,0.22976484,0.25907289,0.78103520,0.01368527,-0.00926843,0.19857303,0.03119181,0.86424465,1.10415080,-0.74779266,0.79472047
20000000000,0.28284271,0.33635857,0.30960064,0.05351586,22786896,0.23150485,0.30809166,0.77945311,0.01388573,-0.04460515,0.19982629,0.03167856,0.86316240,1.10503125,-3.54969343,0.79333885
20000000000,0.33635857,0.40000000,0.36817929,0.06364143,19318188,0.31215686,0.36638526,0.71362185,0.01824487,-0.02038617,0.26724442,0.04491244,0.85612219,1.11012561,-1.24041494,0.73186672
20000000000,0.40000000,0.47568285,0.43784143,0.07568285,16374016,0.40916101,0.43570968,0.64125734,0.02294993,0.00554814,0.34731334,0.06184767,0.84884270,1.11733753,0.27011608,0.66420728
20000000000,0.47568285,0.56568542,0.52068413,0.09000257,13880594,0.49939858,0.51814781,0.57753753,0.02935801,0.01808520,0.41342074,0.08597784,0.82783723,1.12526841,0.69319086,0.60689555
20000000000,0.56568542,0.67271713,0.61920127,0.10703171,11769442,0.56671693,0.61618291,0.53583228,0.03155287,0.00416946,0.46780697,0.09890996,0.82546849,1.12447777,0.14859076,0.56738515
20000000000,0.67271713,0.80000000,0.73635856,0.12728287,9977673,0.72052612,0.73276782,0.44969163,0.03680461,0.03088537,0.58622991,0.13429621,0.81361369,1.12664989,0.94545218,0.48649623
20000000000,0.80000000,0.95136569,0.87568285,0.15136569,8461515,0.82044728,0.87141485,0.40174862,0.03848608,0.01661059,0.66466226,0.15578502,0.81012184,1.12233810,0.48440106,0.44023470
20000000000,0.95136569,1.13137080,1.04136825,0.18000511,7175408,1.02350278,1.03630776,0.31807850,0.04125557,0.03668364,0.81791286,0.20558992,0.79913106,1.11689508,0.99312110,0.35933407
20000000000,1.13137080,1.34543430,1.23840255,0.21406350,6083826,1.22168122,1.23239001,0.25304668,0.04168755,0.03854815,0.96634769,0.25533353,0.79099823,1.10789329,1.02446022,0.29473424
20000000000,1.34543430,1.60000000,1.47271715,0.25456570,5160298,1.43246398,1.46556112,0.19825715,0.04046284,0.03269121,1.12451021,0.30795377,0.78501814,1.10080916,0.88937858,0.23872000
20000000000,1.60000000,1.90273140,1.75136570,0.30273140,4376336,1.69980390,1.74284275,0.14547786,0.03724149,0.02954429,1.32312457,0.37667933,0.77839836,1.08218300,0.85851368,0.18271935
20000000000,1.90273140,2.26274170,2.08273655,0.36001030,3712406,2.03444505,2.07259392,0.09842269,0.03233033,0.02743620,1.56691735,0.46752770,0.77019399,1.05774516,0.89762485,0.13075302
20000000000,2.26274170,2.69086850,2.47680510,0.42812680,3149495,2.44710977,2.46473906,0.06050653,0.02603683,0.02452450,1.86516106,0.58194871,0.76218937,1.03395030,0.97389406,0.08654336
20000000000,2.69086850,3.20000000,2.94543425,0.50913150,2671549,2.88992940,2.93111774,0.03598774,0.01959240,0.01734965,2.18632851,0.70360089,0.75653354,1.00200905,0.88730867,0.05558014
20000000000,3.20000000,3.80546280,3.50273140,0.60546280,2266916,3.45808667,3.48572305,0.01811712,0.01337283,0.01251448,2.59339060,0.86469607,0.74994957,0.98224040,0.91919421,0.03148996
20000000000,3.80546280,4.52548340,4.16547310,0.72002060,1923019,4.10597607,4.14517709,0.00837329,0.00810064,0.00746734,3.05142004,1.05455603,0.74316557,0.93257210,0.85966454,0.01647393
20000000000,4.52548340,5.38173710,4.95361025,0.85625370,1632217,4.90028164,4.92956083,0.00324773,0.00419676,0.00398195,3.60213847,1.29814317,0.73508805,0.86853398,0.82407831,0.00744449
20000000000,5.38173710,6.40000000,5.89086855,1.01826290,1385028,5.82303968,5.86223295,0.00105991,0.00189869,0.00178498,4.26499747,1.55804221,0.73243490,0.82379441,0.77445847,0.00295860
20000000000,6.40000000,7.61092550,7.00546275,1.21092550,1175463,6.93667942,6.97147476,0.00030031,0.00067118,0.00063796,5.02886096,1.90781846,0.72496661,0.72425842,0.68841130,0.00097149
20000000000,7.61092550,8.00000000,7.80546275,0.38907450,303646,7.76567121,7.80231837,0.00007245,0.00035159,0.00033633,5.50471208,2.26095913,0.70885207,0.73343554,0.70160237,0.00042404
