X,lam_lo,lam_hi,n_q,mu_emp,lam_mean,P0_emp,exp_m_mu,exp_m_lam,g,under,tilde_g,logX_g,var_N,var_over_mu,P_N0,P_N1,P_N2,P_Nge3
10000000,0.2,0.23784142,35477,0.16805254,0.21786525,0.83194746,0.84530942,0.80423381,-0.02771365,0.01336196,0.21536937,-0.44669131,0.13981088,0.83194746,0.83194746,0.16805254,0.00000000,0.00000000
10000000,0.23784142,0.28284271,30122,0.22259478,0.25909409,0.78484164,0.80043914,0.77175040,-0.01309124,0.01559749,0.25140188,-0.21100586,0.18791920,0.84422103,0.78484164,0.20772193,0.00743643,0.00000000
10000000,0.28284271,0.33635857,25631,0.33787211,0.30817494,0.68588818,0.71328651,0.73478676,0.04889858,0.02739832,0.44160880,0.78815197,0.27123513,0.80277454,0.68588818,0.29035153,0.02376029,0.00000000
10000000,0.33635857,0.4,21822,0.34327743,0.36644045,0.68105582,0.70944137,0.69319742,0.01214160,0.02838555,0.45752103,0.19569948,0.27410452,0.79849270,0.68105582,0.29461094,0.02433324,0.00000000
10000000,0.4,0.47568285,18539,0.34689034,0.43578613,0.67781434,0.70688284,0.64675603,-0.03105830,0.02906850,0.46852893,-0.50060070,0.27596679,0.79554474,0.67781434,0.29748099,0.02470468,0.00000000
10000000,0.47568285,0.56568542,15801,0.40237960,0.51819214,0.63666857,0.66872685,0.59559633,-0.04107224,0.03205829,0.51671852,-0.66200624,0.32046519,0.79642506,0.63666857,0.32523258,0.03714955,0.00094931
10000000,0.56568542,0.67271713,13485,0.53919169,0.61621182,0.53934001,0.58321948,0.53998613,0.00064612,0.04387947,0.70725356,0.01041429,0.41264644,0.76530562,0.53934001,0.38568780,0.07141268,0.00355951
10000000,0.67271713,0.8,11416,0.74115277,0.73296622,0.42422915,0.47656423,0.48048166,0.05625251,0.05233508,0.84354180,0.90668330,0.55256714,0.74555093,0.42422915,0.42510512,0.13621233,0.01445340
10000000,0.8,0.95136569,9780,0.77586912,0.87141955,0.40715746,0.46030355,0.41835725,0.01119978,0.05314608,0.85661366,0.18051920,0.58105369,0.74890684,0.40715746,0.42934560,0.14498978,0.01850716
10000000,0.95136569,1.1313708,8282,1.01448925,1.03625218,0.29799565,0.36258757,0.35478185,0.05678620,0.06459192,1.04109874,0.91528539,0.71193689,0.70176878,0.29799565,0.43793770,0.21806327,0.04600338
10000000,1.1313708,1.3454343,7101,1.15392198,1.23235141,0.25447120,0.31539736,0.29160609,0.03713489,0.06092616,0.98201361,0.59854364,0.81238745,0.70402285,0.25447120,0.41670187,0.25602028,0.07280665
10000000,1.3454343,1.6,6041,1.43933124,1.46585304,0.18506870,0.23708626,0.23088096,0.04581226,0.05201756,0.83842406,0.73840638,1.04817330,0.72823633,0.18506870,0.37179275,0.29365999,0.14947856
10000000,1.6,1.9027314,5111,1.67736255,1.74295749,0.13695950,0.18686618,0.17500207,0.03804257,0.04990668,0.80440060,0.61317375,1.20699880,0.71958134,0.13695950,0.32831149,0.32283311,0.21189591
10000000,1.9027314,2.2627417,4410,2.03832200,2.07262311,0.08163265,0.13024708,0.12585522,0.04422256,0.04861443,0.78357203,0.71278350,1.34070830,0.65775098,0.08163265,0.25396825,0.33537415,0.32902494
10000000,2.2627417,2.6908685,3717,2.41216034,2.46567153,0.05192359,0.08962147,0.08495178,0.03302818,0.03769788,0.60761800,0.53235138,1.59391185,0.66078188,0.05192359,0.18805488,0.31046543,0.44955609
10000000,2.6908685,3.2,3188,2.88205772,2.93149895,0.02634881,0.05601937,0.05331706,0.02696825,0.02967056,0.47823299,0.43467684,1.89826026,0.65864755,0.02634881,0.12296110,0.26787955,0.58281054
10000000,3.2,3.8054628,2723,3.41388175,3.48655355,0.01175174,0.03291319,0.03060617,0.01885443,0.02116145,0.34108223,0.30389749,2.29766995,0.67303736,0.01175174,0.08887257,0.18251928,0.71685641
10000000,3.8054628,4.5254834,2310,4.05238095,4.14746208,0.00476190,0.01738094,0.01580448,0.01104257,0.01261904,0.20339485,0.17798522,2.39855494,0.59188782,0.00476190,0.03679654,0.11168831,0.84675325
10000000,4.5254834,5.3817371,1973,4.87734415,4.93107266,0.00202737,0.00761722,0.00721876,0.00519139,0.00558985,0.09009770,0.08367526,3.10710455,0.63704846,0.00202737,0.01469843,0.06791688,0.91535732
10000000,5.3817371,6.4,1690,5.77573964,5.86184490,0.00000000,0.00310190,0.00284599,0.00284599,0.00310190,0.04999676,0.04587191,3.66272504,0.63415688,0.00000000,0.00828402,0.03491124,0.95680473
10000000,6.4,7.6109255,1439,6.92981237,6.97659419,0.00000000,0.00097818,0.00093348,0.00093348,0.00097818,0.01576647,0.01504587,4.14448301,0.59806569,0.00000000,0.00208478,0.00764420,0.99027102
10000000,7.6109255,8,365,7.89041096,7.80174084,0.00000000,0.00037432,0.00040902,0.00040902,0.00037432,0.00603326,0.00659266,5.02908613,0.63736682,0.00000000,0.00273973,0.00273973,0.99452055
100000000,0.2,0.23784142,268189,0.17308316,0.21786146,0.82987371,0.84106767,0.80423686,-0.02563685,0.01119396,0.20620035,-0.47224828,0.14903912,0.86108388,0.82987371,0.16716942,0.00295687,0.00000000
100000000,0.23784142,0.28284271,227767,0.29482322,0.25908111,0.72292299,0.74466322,0.77176042,0.04883743,0.02174023,0.40046986,0.89961876,0.24339490,0.82556218,0.72292299,0.25933081,0.01774621,0.00000000
100000000,0.28284271,0.33635857,193513,0.29757174,0.30810394,0.72050457,0.74261931,0.73483893,0.01433437,0.02211474,0.40736858,0.26404883,0.24517541,0.82392034,0.72050457,0.26141913,0.01807630,0.00000000
100000000,0.33635857,0.4,164449,0.30136395,0.36637150,0.71746864,0.73980847,0.69324521,-0.02422343,0.02233983,0.41151494,-0.44621198,0.24820889,0.82361840,0.71746864,0.26369878,0.01883259,0.00000000
100000000,0.4,0.47568285,139760,0.32784774,0.43571502,0.69714511,0.72047271,0.64680202,-0.05034308,0.02332761,0.42971037,-0.92735385,0.27106480,0.82680089,0.69714511,0.27821981,0.02427733,0.00035776
100000000,0.47568285,0.56568542,118849,0.45027724,0.51817520,0.60389233,0.63745140,0.59560642,-0.00828591,0.03355906,0.61818081,-0.15263215,0.35899682,0.79727952,0.60389233,0.34350310,0.05103955,0.00156501
100000000,0.56568542,0.67271713,100904,0.62650638,0.61625555,0.49347895,0.53445573,0.53996252,0.04648357,0.04097678,0.75482012,0.85625902,0.49309389,0.78705326,0.49347895,0.39588123,0.10151233,0.00912749
100000000,0.67271713,0.8,85751,0.65367168,0.73278906,0.47535306,0.52013251,0.48056679,0.00521373,0.04477945,0.82486796,0.09604052,0.50642840,0.77474429,0.47535306,0.40635095,0.10783548,0.01046052
100000000,0.8,0.95136569,73001,0.84894727,0.87140418,0.37947425,0.42786512,0.41836368,0.03888942,0.04839087,0.89139269,0.71636968,0.64896839,0.76443898,0.37947425,0.42267914,0.16862783,0.02921878
100000000,0.95136569,1.1313708,61963,0.98623372,1.03629968,0.32023950,0.37297879,0.35476500,0.03452550,0.05273929,0.97149369,0.63598328,0.74059128,0.75092877,0.32023950,0.42585091,0.20568726,0.04822233
100000000,1.1313708,1.3454343,52809,1.21604272,1.23231746,0.24520442,0.29640079,0.29161599,0.04641157,0.05119637,0.94307206,0.85493272,0.90806811,0.74674030,0.24520442,0.40171183,0.25969058,0.09339317
100000000,1.3454343,1.6,44899,1.41268180,1.46576464,0.19350097,0.24348942,0.23090137,0.03740040,0.04998845,0.92082126,0.68894079,1.03513261,0.73274294,0.19350097,0.37058732,0.29521816,0.14069356
100000000,1.6,1.9027314,38119,1.72260552,1.74320515,0.12954170,0.17860019,0.17495873,0.04541703,0.04905850,0.90369088,0.83661268,1.22392589,0.71050851,0.12954170,0.31884362,0.32157192,0.23004276
100000000,1.9027314,2.2627417,32476,2.01028452,2.07288414,0.09299175,0.13395056,0.12582237,0.03283062,0.04095881,0.75448917,0.60476238,1.44841006,0.72050003,0.09299175,0.26638133,0.31734204,0.32328489
100000000,2.2627417,2.6908685,27580,2.41537346,2.46495872,0.05493111,0.08933397,0.08501235,0.03008124,0.03440286,0.63372411,0.55411696,1.68866866,0.69913357,0.05493111,0.19488760,0.30036258,0.44981871
100000000,2.6908685,3.2,23531,2.87306107,2.93155839,0.03008797,0.05652563,0.05331389,0.02322592,0.02643766,0.48699976,0.42783727,1.98630884,0.69135629,0.03008797,0.13756321,0.24601589,0.58633292
100000000,3.2,3.8054628,19932,3.46051575,3.48519238,0.01555288,0.03141356,0.03064786,0.01509498,0.01586068,0.29216446,0.27805984,2.39353431,0.69166982,0.01555288,0.07876781,0.18252057,0.72315874
100000000,3.8054628,4.5254834,17047,4.09239162,4.14414196,0.00615944,0.01669925,0.01585704,0.00969759,0.01053981,0.19415040,0.17863629,2.76385776,0.67536492,0.00615944,0.04270546,0.12066639,0.83046870
100000000,4.5254834,5.3817371,14537,4.88168123,4.92992608,0.00261402,0.00758425,0.00722704,0.00461302,0.00497023,0.09155508,0.08497493,3.25531346,0.66684269,0.00261402,0.01877967,0.06473138,0.91387494
100000000,5.3817371,6.4,12304,5.79933355,5.86287666,0.00105657,0.00302957,0.00284305,0.00178649,0.00197301,0.03634412,0.03290830,3.83611464,0.66147508,0.00105657,0.00853381,0.02982770,0.96058192
100000000,6.4,7.6109255,10543,6.95731765,6.97347614,0.00037940,0.00095165,0.00093639,0.00055699,0.00057225,0.01054118,0.01026020,4.44719652,0.63921137,0.00037940,0.00123305,0.00995921,0.98842834
100000000,7.6109255,8,2708,7.72932053,7.80436047,0.00036928,0.00043974,0.00040795,0.00003868,0.00007047,0.00129804,0.00071244,4.68559525,0.60621050,0.00036928,0.00036928,0.00443131,0.99483013
1000000000,0.2,0.23784142,2099527,0.24632882,0.21785692,0.76614495,0.78166516,0.80424050,0.03809556,0.01552021,0.32162949,0.78946435,0.21059845,0.85494851,0.76614495,0.22138129,0.01247376,0.00000000
1000000000,0.23784142,0.28284271,1780523,0.26251556,0.25907524,0.75164376,0.76911439,0.77176495,0.02012119,0.01747063,0.36204861,0.41697681,0.22191979,0.84535859,0.75164376,0.23419692,0.01415932,0.00000000
1000000000,0.28284271,0.33635857,1512066,0.26462800,0.30809058,0.74990906,0.76749140,0.73484875,-0.01506031,0.01758234,0.36436350,-0.31209885,0.22367415,0.84523992,0.74990906,0.23555387,0.01453706,0.00000000
1000000000,0.33635857,0.4,1282570,0.26688056,0.36639200,0.74780792,0.76576453,0.69323100,-0.05457692,0.01795661,0.37211964,-1.13101198,0.22503228,0.84319473,0.74780792,0.23750361,0.01468848,0.00000000
1000000000,0.4,0.47568285,1088832,0.38399496,0.43571577,0.65531046,0.68113486,0.64680154,-0.00850892,0.02582440,0.53516589,-0.17633258,0.31699785,0.82552607,0.65531046,0.30630621,0.03746124,0.00092209
1000000000,0.47568285,0.56568542,924357,0.50189267,0.51816319,0.57449665,0.60538378,0.59561357,0.02111692,0.03088713,0.64008230,0.43761159,0.41225624,0.82140319,0.57449665,0.35378647,0.06711260,0.00460428
1000000000,0.56568542,0.67271713,784141,0.57613873,0.61620313,0.52518616,0.56206446,0.53999082,0.01480466,0.03687831,0.76423893,0.30680099,0.46110776,0.80034155,0.52518616,0.38050810,0.08739500,0.00691075
1000000000,0.67271713,0.8,666189,0.68236491,0.73278977,0.46493563,0.50542030,0.48056645,0.01563082,0.04048468,0.83897470,0.32392166,0.54212517,0.79447985,0.46493563,0.40265450,0.11801906,0.01439081
1000000000,0.8,0.95136569,565321,0.85547326,0.87142611,0.37913504,0.42508197,0.41835450,0.03921946,0.04594693,0.95217041,0.81275537,0.66699377,0.77967811,0.37913504,0.42093607,0.16758797,0.03234092
1000000000,0.95136569,1.1313708,480256,0.98523288,1.03633620,0.32800007,0.37335227,0.35475205,0.02675198,0.04535221,0.93984581,0.55438836,0.77089984,0.78245444,0.32800007,0.41742321,0.20189232,0.05268440
1000000000,1.1313708,1.3454343,407807,1.21122492,1.23245360,0.25082453,0.29783224,0.29157629,0.04075176,0.04700770,0.97415314,0.84450946,0.93114217,0.76876075,0.25082453,0.40017704,0.25287697,0.09612145
1000000000,1.3454343,1.6,346142,1.44989340,1.46559907,0.18806444,0.23459530,0.23093960,0.04287517,0.04653086,0.96427137,0.88851346,1.09064618,0.75222508,0.18806444,0.36562162,0.29190910,0.15440484
1000000000,1.6,1.9027314,294129,1.69913881,1.74290188,0.13953401,0.18284092,0.17501180,0.03547779,0.04330690,0.89746045,0.73521558,1.27193236,0.74857472,0.13953401,0.32377970,0.31012243,0.22656385
1000000000,1.9027314,2.2627417,249937,2.02316984,2.07268500,0.09482790,0.13223563,0.12584743,0.03101953,0.03740774,0.77521049,0.64282599,1.49726861,0.74006076,0.09482790,0.26399853,0.31434321,0.32683036
1000000000,2.2627417,2.6908685,212140,2.43537287,2.46489853,0.05758461,0.08756509,0.08501747,0.02743285,0.02998048,0.62129339,0.56849833,1.78102650,0.73131574,0.05758461,0.19607806,0.29094937,0.45538795
1000000000,2.6908685,3.2,180345,2.89654828,2.93117129,0.03229920,0.05521347,0.05333453,0.02103533,0.02291427,0.47485848,0.43592067,2.09056476,0.72174345,0.03229920,0.13586182,0.24539632,0.58644265
1000000000,3.2,3.8054628,153254,3.44311405,3.48571827,0.01672387,0.03196499,0.03063175,0.01390788,0.01524112,0.31584577,0.28821666,2.46406337,0.71564965,0.01672387,0.08288201,0.18734911,0.71304501
1000000000,3.8054628,4.5254834,130194,4.12078130,4.14550627,0.00737361,0.01623183,0.01583542,0.00846181,0.00885822,0.18357116,0.17535624,2.92796684,0.71053682,0.00737361,0.04414950,0.12171068,0.82676621
1000000000,4.5254834,5.3817371,110692,4.86556391,4.92948495,0.00308965,0.00770748,0.00723023,0.00414057,0.00461783,0.09569645,0.08580618,3.40977177,0.70079683,0.00308965,0.02093196,0.06975210,0.90622629
1000000000,5.3817371,6.4,94040,5.83923862,5.86234175,0.00096767,0.00291106,0.00284457,0.00187690,0.00194338,0.04027328,0.03889552,4.04216939,0.69224254,0.00096767,0.00697575,0.03111442,0.96094215
1000000000,6.4,7.6109255,80054,6.93900367,6.97211581,0.00023734,0.00096923,0.00093767,0.00070033,0.00073189,0.01516725,0.01451306,4.82905482,0.69592914,0.00023734,0.00243586,0.01204187,0.98528493
1000000000,7.6109255,8,20641,7.75156242,7.80199197,0.00000000,0.00043007,0.00040892,0.00040892,0.00043007,0.00891246,0.00847415,5.20439960,0.67140008,0.00000000,0.00092050,0.00469938,0.99438012
10000000000,0.2,0.23784142,16868926,0.23475110,0.21785321,0.77651411,0.79076764,0.80424349,0.02772938,0.01425354,0.32819983,0.63849258,0.20217344,0.86122468,0.77651411,0.21222068,0.01126521,0.00000000
10000000000,0.23784142,0.28284271,14298883,0.23644749,0.25907433,0.77502166,0.78942733,0.77176566,-0.00325600,0.01440568,0.33170296,-0.07497213,0.20347837,0.86056473,0.77502166,0.21350920,0.01146915,0.00000000
10000000000,0.28284271,0.33635857,12123507,0.23837739,0.30809311,0.77324985,0.78790528,0.73484689,-0.03840296,0.01465543,0.33745379,-0.88426078,0.20480810,0.85917587,0.77324985,0.21512290,0.01162725,0.00000000
10000000000,0.33635857,0.4,10278614,0.30043788,0.36638636,0.72284824,0.74049390,0.69323491,-0.02961332,0.01764567,0.40630648,-0.68187196,0.25754419,0.85722941,0.72284824,0.25426414,0.02248912,0.00039850
10000000000,0.4,0.47568285,8715582,0.39454118,0.43571517,0.65074576,0.67398921,0.64680193,-0.00394383,0.02324345,0.53520027,-0.09080996,0.33302958,0.84409333,0.65074576,0.30573609,0.04176921,0.00174894
10000000000,0.47568285,0.56568542,7389981,0.51446262,0.51815264,0.56701255,0.59782176,0.59561985,0.02860730,0.03080921,0.70940830,0.65870744,0.42317369,0.82255478,0.56701255,0.35664936,0.07128016,0.00505793
10000000000,0.56568542,0.67271713,6267166,0.55967546,0.61618808,0.53941734,0.57139448,0.53999895,0.00058161,0.03197714,0.73630080,0.01339217,0.46034318,0.82251807,0.53941734,0.36916048,0.08394033,0.00748185
10000000000,0.67271713,0.8,5315405,0.72096087,0.73278165,0.44816886,0.48628478,0.48057035,0.03240149,0.03811592,0.87765140,0.74607194,0.58252447,0.80798348,0.44816886,0.40312582,0.12938450,0.01932082
10000000000,0.8,0.95136569,4507604,0.81883879,0.87141870,0.40152152,0.44094339,0.41835760,0.01683608,0.03942187,0.90772205,0.38766517,0.65985038,0.80583674,0.40152152,0.41094959,0.15718306,0.03034583
10000000000,0.95136569,1.1313708,3824099,1.02948459,1.03630143,0.31491706,0.35719101,0.35476438,0.03984732,0.04227396,0.97339381,0.91751850,0.81818372,0.79475082,0.31491706,0.41144306,0.21140745,0.06223244
10000000000,1.1313708,1.3454343,3244020,1.20956067,1.23238839,0.25632549,0.29832832,0.29159530,0.03526982,0.04200283,0.96715092,0.81211755,0.95618204,0.79052012,0.25632549,0.39578979,0.24885173,0.09903299
10000000000,1.3454343,1.6,2751380,1.43383320,1.46556769,0.19648794,0.23839336,0.23094685,0.03445890,0.04190541,0.96490782,0.79344556,1.11549307,0.77797966,0.19648794,0.36626893,0.28383866,0.15340447
10000000000,1.6,1.9027314,2334699,1.70083296,1.74286029,0.14393162,0.18253142,0.17501908,0.03108746,0.03859980,0.88879334,0.71581528,1.31249523,0.77167791,0.14393162,0.32109407,0.30614310,0.22883121
10000000000,1.9027314,2.2627417,1981035,2.02913578,2.07260352,0.09754346,0.13144907,0.12585768,0.02831423,0.03390562,0.78070569,0.65195915,1.54578355,0.76179404,0.09754346,0.26322099,0.31001169,0.32922387
10000000000,2.2627417,2.6908685,1680826,2.44612827,2.46482748,0.06002703,0.08662834,0.08502351,0.02499648,0.02660131,0.61251768,0.57556511,1.85228005,0.75722932,0.06002703,0.19635286,0.28640978,0.45721032
10000000000,2.6908685,3.2,1426488,2.88013920,2.93114104,0.03550538,0.05612695,0.05333614,0.01783076,0.02062157,0.47482917,0.41056850,2.15356890,0.74773084,0.03550538,0.13940110,0.24641918,0.57867434
10000000000,3.2,3.8054628,1210658,3.46802978,3.48576994,0.01760282,0.03117840,0.03063017,0.01302734,0.01357557,0.31258915,0.29996562,2.57617518,0.74283537,0.01760282,0.08458293,0.18365633,0.71415792
10000000000,3.8054628,4.5254834,1027447,4.09586577,4.14539951,0.00826807,0.01664133,0.01583711,0.00756904,0.00837327,0.19280158,0.17428361,3.00839898,0.73449648,0.00826807,0.04744186,0.12442199,0.81986808
10000000000,4.5254834,5.3817371,872078,4.89987937,4.92953937,0.00312013,0.00744748,0.00722983,0.00410970,0.00432735,0.09964086,0.09462932,3.57236069,0.72907115,0.00312013,0.02175379,0.07034233,0.90478375
10000000000,5.3817371,6.4,740402,5.81854182,5.86234060,0.00103457,0.00297194,0.00284458,0.00181000,0.00193736,0.04460942,0.04167690,4.20637266,0.72292557,0.00103457,0.00861829,0.03385323,0.95649390
10000000000,6.4,7.6109255,628670,6.94513338,6.97145890,0.00025610,0.00096331,0.00093828,0.00068219,0.00070722,0.01628424,0.01570793,4.97323315,0.71607453,0.00025610,0.00261186,0.01238647,0.98474557
10000000000,7.6109255,8,162567,7.76465088,7.80237722,0.00007382,0.00042448,0.00040876,0.00033495,0.00035066,0.00807429,0.00771243,5.38678540,0.69375758,0.00007382,0.00095960,0.00546236,0.99350422
20000000000,0.2,0.23784142,31723099,0.22818628,0.21785350,0.78247251,0.79597597,0.80424325,0.02177074,0.01350346,0.32028848,0.51638010,0.19743489,0.86523559,0.78247251,0.20686869,0.01065879,0.00000000
20000000000,0.23784142,0.28284271,26887221,0.22976484,0.25907289,0.78103520,0.79472047,0.77176677,-0.00926843,0.01368527,0.32460087,-0.21983796,0.19857303,0.86424465,0.78103520,0.20816476,0.01080004,0.00000000
20000000000,0.28284271,0.33635857,22786896,0.23150485,0.30809166,0.77945311,0.79333885,0.73484796,-0.04460515,0.01388573,0.32935569,-1.05798951,0.19982629,0.86316240,0.77945311,0.20958892,0.01095796,0.00000000
20000000000,0.33635857,0.4,19318188,0.31215686,0.36638526,0.71362185,0.73186672,0.69323567,-0.02038617,0.01824487,0.43274999,-0.48353959,0.26724442,0.85612219,0.71362185,0.26108546,0.02480667,0.00048602
20000000000,0.4,0.47568285,16374016,0.40916101,0.43570968,0.64125734,0.66420728,0.64680548,0.00554814,0.02294993,0.54434942,0.13159624,0.34731334,0.84884270,0.64125734,0.31065769,0.04578235,0.00230261
20000000000,0.47568285,0.56568542,13880594,0.49939858,0.51814781,0.57753753,0.60689555,0.59562273,0.01808520,0.02935801,0.69634269,0.42896282,0.41342074,0.82783723,0.57753753,0.35022730,0.06760770,0.00462747
20000000000,0.56568542,0.67271713,11769442,0.56671693,0.61618291,0.53583228,0.56738515,0.54000174,0.00416946,0.03155287,0.74840237,0.09889534,0.46780697,0.82546849,0.53583228,0.36996605,0.08608641,0.00811525
20000000000,0.67271713,0.8,9977673,0.72052612,0.73276782,0.44969163,0.48649623,0.48057700,0.03088537,0.03680461,0.87296841,0.73257005,0.58622991,0.81361369,0.44969163,0.40105975,0.12950013,0.01974849
20000000000,0.8,0.95136569,8461515,0.82044728,0.87141485,0.40174862,0.44023470,0.41835921,0.01661059,0.03848608,0.91285120,0.39398655,0.66466226,0.81012184,0.40174862,0.40976858,0.15744166,0.03104113
20000000000,0.95136569,1.1313708,7175408,1.02350278,1.03630776,0.31807850,0.35933407,0.35476213,0.03668364,0.04125557,0.97854076,0.87009909,0.81791286,0.79913106,0.31807850,0.41065344,0.20947102,0.06179704
20000000000,1.1313708,1.3454343,6083826,1.22168122,1.23239001,0.25304668,0.29473424,0.29159483,0.03854815,0.04168755,0.98878694,0.91432340,0.96634769,0.79099823,0.25304668,0.39408655,0.25090889,0.10195788
20000000000,1.3454343,1.6,5160298,1.43246398,1.46556112,0.19825715,0.23872000,0.23094836,0.03269121,0.04046284,0.95973806,0.77540274,1.12451021,0.78501814,0.19825715,0.36555525,0.28229784,0.15388976
20000000000,1.6,1.9027314,4376336,1.69980390,1.74284275,0.14547786,0.18271935,0.17502215,0.02954429,0.03724149,0.88333085,0.70076090,1.32312457,0.77839836,0.14547786,0.32086088,0.30424903,0.22941223
20000000000,1.9027314,2.2627417,3712406,2.03444505,2.07259392,0.09842269,0.13075302,0.12585889,0.02743620,0.03233033,0.76684304,0.65075909,1.56691735,0.77019399,0.09842269,0.26223102,0.30800106,0.33134522
20000000000,2.2627417,2.6908685,3149495,2.44710977,2.46473906,0.06050653,0.08654336,0.08503103,0.02452450,0.02603683,0.61756751,0.58169660,1.86516106,0.76218937,0.06050653,0.19645499,0.28598648,0.45705200
20000000000,2.6908685,3.2,2671549,2.88992940,2.93111774,0.03598774,0.05558014,0.05333739,0.01734965,0.01959240,0.46471211,0.41151635,2.18632851,0.75653354,0.03598774,0.13911405,0.24443572,0.58046250
20000000000,3.2,3.8054628,2266916,3.45808667,3.48572305,0.01811712,0.03148996,0.03063160,0.01251448,0.01337283,0.31719014,0.29683087,2.59339060,0.74994957,0.01811712,0.08595378,0.18533947,0.71058963
20000000000,3.8054628,4.5254834,1923019,4.10597607,4.14517709,0.00837329,0.01647393,0.01584063,0.00746734,0.00810064,0.19213904,0.17711778,3.05142004,0.74316557,0.00837329,0.04772184,0.12450683,0.81939804
20000000000,4.5254834,5.3817371,1632217,4.90028164,4.92956083,0.00324773,0.00744449,0.00722968,0.00398195,0.00419676,0.09954285,0.09444781,3.60213847,0.73508805,0.00324773,0.02234936,0.07058314,0.90381977
20000000000,5.3817371,6.4,1385028,5.82303968,5.86223295,0.00105991,0.00295860,0.00284488,0.00178498,0.00189869,0.04503507,0.04233788,4.26499747,0.73243490,0.00105991,0.00880849,0.03419786,0.95593374
20000000000,6.4,7.6109255,1175463,6.93667942,6.97147476,0.00030031,0.00097149,0.00093827,0.00063796,0.00067118,0.01591979,0.01513179,5.02886096,0.72496661,0.00030031,0.00274445,0.01295490,0.98400035
20000000000,7.6109255,8,303646,7.76567121,7.80231837,0.00007245,0.00042404,0.00040879,0.00033633,0.00035159,0.00833941,0.00797749,5.50471208,0.70885207,0.00007245,0.00113948,0.00562497,0.99316309
