X,lam_lo,lam_hi,lam_mid,n_q,mu_emp,lam_mean,var_N,var_over_mu,under,P_N0,P_N1,P_N2,P_Nge3,m2_fact,m3_fact,m4_fact,kappa2F,kappa3F,kappa4F,S2,S3,S3_over_S2,Q,Q_2nd,Q_minus_Q2,rel_err_Q2,T,sign_k2_neg,sign_k3_pos,sign_k4_neg,sign_ok
100000000,0.5,0.59460356,0.54730178,113262,0.48432837,0.54463334,0.38941289,0.80402659,0.03367367,0.58243718,0.35382564,0.06074412,0.00299306,0.13965849,0.01859406,0.00084759,-0.09491548,0.042894007,-0.030715132,0.09491548,0.021447003,0.22595896,1.1516607,1.1269104,0.024750232,0.021490907,2.7936928,1,1,1,1
100000000,0.59460356,0.70710678,0.65085517,96429,0.64944156,0.64773202,0.50455488,0.77690575,0.04404766,0.47828973,0.40447376,0.10695952,0.01027699,0.27688766,0.06558193,0.00522664,-0.14488668,0.07395044,-0.061092454,0.14488668,0.03697522,0.25520096,1.1640544,1.1339123,0.030142065,0.025894035,3.0219932,1,1,1,1
100000000,0.70710678,0.84089642,0.7740016,81864,0.69509186,0.77036531,0.54348905,0.78189529,0.04352924,0.45549936,0.40856787,0.12179957,0.0141332,0.33154989,0.09425388,0.01260627,-0.15160281,0.074552009,-0.057578638,0.15160281,0.037276005,0.24587938,1.1507432,1.1260189,0.024724266,0.021485478,2.7767915,1,1,1,1
100000000,0.84089642,1,0.92044821,69611,0.89985778,0.91598509,0.68501973,0.76125333,0.0498017,0.35682579,0.42500467,0.18188217,0.03628737,0.59490598,0.25832124,0.05550847,-0.21483805,0.10963785,-0.089494008,0.21483805,0.054818924,0.25516395,1.1401611,1.1163998,0.023761347,0.020840341,2.5818635,1,1,1,1
100000000,1,1.1892071,1.0946035,59211,1.0227492,1.0894674,0.76935632,0.75224342,0.05212832,0.30747665,0.42252284,0.21544983,0.05455067,0.79262299,0.4327912,0.1495668,-0.25339283,0.14045132,-0.12147449,0.25339283,0.070225662,0.27714147,1.144152,1.1214128,0.022739187,0.019874272,2.6553772,1,1,1,1
100000000,1.1892071,1.4142136,1.3017104,50302,1.2866884,1.2953897,0.95154599,0.73953103,0.05146121,0.22472268,0.39217129,0.27356765,0.10953839,1.3204246,1.0265198,0.5792215,-0.33514241,0.18999246,-0.14738204,0.33514241,0.094996229,0.28345034,1.1119424,1.1051813,0.0067610686,0.0060804129,2.0620544,1,1,1,1
100000000,1.4142136,1.6817928,1.5480032,42789,1.5005258,1.5402993,1.1028357,0.73496617,0.0477108,0.17530206,0.35434341,0.30549908,0.16485545,1.8538877,1.8123817,1.3567973,-0.3976901,0.22406387,-0.15955078,0.3976901,0.11203194,0.28170663,1.0759002,1.0883819,-0.012481654,-0.011601125,1.398134,1,1,1,1
100000000,1.6817928,2,1.8408964,36459,1.7934392,1.8318745,1.2839461,0.71591281,0.04759597,0.11879097,0.30831893,0.31912559,0.2537645,2.7069311,3.3675636,3.3624619,-0.50949311,0.34033709,-0.37069203,0.50949311,0.17016855,0.33399577,1.122904,1.0952906,0.02761339,0.024591052,2.2639746,1,1,1,1
100000000,2,2.3784142,2.1892071,30998,2.111233,2.1785268,1.5041767,0.71246361,0.03972849,0.08136009,0.24746758,0.31711723,0.3540551,3.8502484,5.9661269,7.6874637,-0.6070563,0.40063001,-0.43393725,0.6070563,0.200315,0.32997764,1.0809358,1.068221,0.012714818,0.011762787,1.4908932,1,1,1,1
100000000,2.3784142,2.8284271,2.6034206,26319,2.5315551,2.5907409,1.767983,0.69837821,0.03162308,0.04791215,0.17797029,0.28705498,0.48706258,5.6451993,10.967742,18.325316,-0.76357219,0.54265885,-0.62988806,0.76357219,0.27132942,0.3553422,1.0414166,1.0460018,-0.0045851653,-0.0044028157,0.76292172,1,1,1,1
100000000,2.8284271,3.3635857,3.0960064,22480,3.0361655,3.080634,2.1007828,0.69191973,0.02359696,0.02442171,0.11979537,0.22798043,0.62780249,8.2829182,20.150979,43.339858,-0.93538268,0.68262166,-0.8164107,0.93538268,0.34131083,0.36488898,1.0507191,1.0094137,0.04130549,0.039311637,0.93428113,1,1,1,1
100000000,3.3635857,4,3.6817928,19085,3.6096411,3.6642779,2.4762812,0.68601867,0.0133859,0.01367566,0.06743516,0.16657061,0.75231857,11.896149,35.505161,95.114697,-1.1333599,0.7463787,-0.68081383,1.1333599,0.37318935,0.329277,0.87288479,0.93617802,-0.063293229,-0.072510403,-2.3415486,1,1,1,1
1000000000,0.5,0.59460356,0.54730178,881477,0.55455786,0.54464578,0.44757774,0.80708934,0.03509029,0.53923585,0.37336425,0.08109571,0.00630419,0.2005543,0.03943835,0.00215094,-0.10698012,0.046872728,-0.033334861,0.10698012,0.023436364,0.21907213,1.1422345,1.1193031,0.022931435,0.020075944,2.9475632,1,1,1,1
1000000000,0.59460356,0.70710678,0.65085517,748295,0.57741265,0.64770347,0.46254676,0.80106794,0.03680309,0.5245458,0.38068676,0.0876967,0.00707074,0.21853948,0.04458937,0.00288656,-0.11486589,0.051051943,-0.035985819,0.11486589,0.025525971,0.22222412,1.1415379,1.1194329,0.022104933,0.01936417,2.933127,1,1,1,1
1000000000,0.70710678,0.84089642,0.7740016,635445,0.75398815,0.77024334,0.59139454,0.78435522,0.0438311,0.42665534,0.41401065,0.13901439,0.02031962,0.40590452,0.13990511,0.02443642,-0.16259361,0.079045211,-0.061855388,0.16259361,0.039522605,0.24307601,1.1459398,1.1214023,0.024537501,0.021412557,3.0243487,1,1,1,1
1000000000,0.84089642,1,0.92044821,539314,0.86988471,0.91597174,0.67708315,0.77835964,0.04637092,0.37262893,0.42168199,0.17141962,0.03426946,0.56389784,0.2526098,0.06532743,-0.19280156,0.097513947,-0.082730486,0.19280156,0.048756973,0.25288682,1.1480249,1.1203908,0.02763404,0.024070943,3.0675586,1,1,1,1
1000000000,1,1.1892071,1.0946035,458178,1.0781421,1.0892796,0.8402832,0.77938074,0.04578907,0.29443797,0.41225681,0.22381258,0.06949264,0.92453151,0.60437647,0.28034519,-0.23785892,0.12049153,-0.10125532,0.23785892,0.060245765,0.25328361,1.1316277,1.109391,0.022236655,0.019650151,2.7277551,1,1,1,1
1000000000,1.1892071,1.4142136,1.3017104,389182,1.2526659,1.29544,0.96204246,0.76799608,0.04653519,0.23920685,0.39434249,0.26100899,0.10544167,1.2785483,1.0289428,0.63147833,-0.29062339,0.1554569,-0.12692162,0.29062339,0.077728449,0.26745421,1.120745,1.105647,0.015097996,0.013471393,2.5022299,1,1,1,1
1000000000,1.4142136,1.6817928,1.5480032,330111,1.5226636,1.5405495,1.1392356,0.74818599,0.04673018,0.17139992,0.35528958,0.2988207,0.17448979,1.9350764,1.9986005,1.6076774,-0.38342802,0.21979389,-0.2136477,0.38342802,0.10989695,0.28661689,1.1174497,1.0952209,0.02222881,0.019892448,2.433942,1,1,1,1
1000000000,1.6817928,2,1.8408964,280857,1.7813692,1.8319695,1.3223284,0.74231015,0.04191599,0.12649142,0.30684298,0.3156731,0.2509925,2.7142354,3.4625877,3.5911514,-0.45904075,0.26297462,-0.24452637,0.45904075,0.13148731,0.2864393,1.0844194,1.0761993,0.008220073,0.0075801603,1.749446,1,1,1,1
1000000000,2,2.3784142,2.1892071,238298,2.1433709,2.178705,1.5795715,0.73695668,0.03536984,0.08188906,0.24367389,0.3090626,0.36537445,4.0302394,6.5523169,9.022283,-0.56379939,0.33088129,-0.33262663,0.56379939,0.16544064,0.29343885,1.0700219,1.0546761,0.015345802,0.014341578,1.4510815,1,1,1,1
1000000000,2.3784142,2.8284271,2.6034206,202392,2.5568056,2.5907598,1.8655031,0.72962258,0.02805407,0.049498,0.17877683,0.28049528,0.49122989,5.8459524,11.844065,21.01589,-0.69130249,0.43215327,-0.45791308,0.69130249,0.21607664,0.31256453,1.0465604,1.0355507,0.011009709,0.010519898,0.9648843,1,1,1,1
1000000000,2.8284271,3.3635857,3.0960064,172234,3.0471161,3.0808897,2.2014623,0.72247403,0.0198763,0.0276194,0.11898348,0.22907208,0.62432505,8.4392629,21.074863,47.007165,-0.84565386,0.5130603,-0.49036846,0.84565386,0.25653015,0.30335124,0.9897343,0.9908207,-0.0010863945,-0.0010976628,-0.21273877,1,1,1,1
1000000000,3.3635857,4,3.6817928,146123,3.6241112,3.6639789,2.5821803,0.7125003,0.01369742,0.01297537,0.06996161,0.16872087,0.74834215,12.092251,37.031213,103.74662,-1.0419309,0.7596979,-0.92042975,1.0419309,0.37984895,0.36456252,0.98573764,0.98255895,0.0031786914,0.0032246829,-0.29556259,1,1,1,1
10000000000,0.5,0.59460356,0.54730178,7048367,0.51573776,0.54464405,0.42397793,0.82208045,0.0309447,0.56611524,0.35721125,0.07157431,0.0050992,0.1742256,0.03204061,0.00192725,-0.091759832,0.03683391,-0.023626478,0.091759832,0.018416955,0.20070825,1.1296547,1.1108655,0.018789196,0.016632689,2.9854106,1,1,1,1
10000000000,0.59460356,0.70710678,0.65085517,5976271,0.60019333,0.64769546,0.49120258,0.81840726,0.03364707,0.51505847,0.37976089,0.09540715,0.00977349,0.25124128,0.06399911,0.00714425,-0.10899075,0.044036806,-0.028410446,0.10899075,0.022018403,0.20202084,1.125248,1.1074329,0.017815137,0.015832188,2.883942,1,1,1,1
10000000000,0.70710678,0.84089642,0.7740016,5069425,0.75649625,0.77023793,0.60952694,0.80572368,0.03900228,0.43030561,0.40724047,0.13958644,0.02286748,0.42531727,0.1643642,0.03757586,-0.14696931,0.064976741,-0.046703275,0.14696931,0.032488371,0.22105548,1.1309294,1.110628,0.020301408,0.017951084,3.0147609,1,1,1,1
10000000000,0.84089642,1,0.92044821,4299307,0.8637406,0.91597466,0.69429826,0.80382729,0.04009673,0.38148543,0.41289305,0.1693652,0.03625631,0.57660549,0.28004699,0.08940045,-0.16944233,0.074717875,-0.052993949,0.16944233,0.037358938,0.22048172,1.1226252,1.1046272,0.017998006,0.01603207,2.8235504,1,1,1,1
10000000000,1,1.1892071,1.0946035,3646623,1.0741938,1.089273,0.84986776,0.79116797,0.04284758,0.29872542,0.40906806,0.22187651,0.07033,0.92956634,0.62286998,0.30656309,-0.22432609,0.10627494,-0.079421737,0.22432609,0.053137469,0.23687602,1.1183892,1.1018358,0.016553409,0.014801116,2.7260128,1,1,1,1
10000000000,1.1892071,1.4142136,1.3017104,3094255,1.2862385,1.2953628,1.0048793,0.78125428,0.04315349,0.23315467,0.38760348,0.26335257,0.11588929,1.3730504,1.1819666,0.78989482,-0.28135918,0.1396863,-0.11044488,0.28135918,0.069843152,0.24823485,1.1101742,1.0951501,0.015024107,0.013533107,2.5368549,1,1,1,1
10000000000,1.4142136,1.6817928,1.5480032,2624521,1.5047999,1.5404863,1.1690148,0.77685727,0.04094067,0.18112105,0.35459232,0.29157816,0.17270847,1.9286376,2.0624792,1.7932689,-0.33578516,0.17084441,-0.13878586,0.33578516,0.085422206,0.25439541,1.0981198,1.0856507,0.012469189,0.011355035,2.2592928,1,1,1,1
10000000000,1.6817928,2,1.8408964,2226939,1.7845801,1.8319616,1.3685253,0.76686121,0.03792325,0.12994429,0.30656071,0.30963578,0.25385922,2.7686713,3.6793805,4.112691,-0.41605484,0.2234313,-0.19389413,0.41605484,0.11171565,0.26851183,1.0859711,1.0749942,0.010976882,0.010107896,1.9795569,1,1,1,1
10000000000,2,2.3784142,2.1892071,1889278,2.1474616,2.1785544,1.6338526,0.76082971,0.03172074,0.08505948,0.24295736,0.30612806,0.3658551,4.0979824,6.8772907,10.02952,-0.51360902,0.28294206,-0.24773703,0.51360902,0.14147103,0.27544498,1.0577217,1.0552277,0.0024939227,0.0023578252,1.3290903,1,1,1,1
10000000000,2.3784142,2.8284271,2.6034206,1603426,2.5655041,2.5907894,1.9303146,0.7524114,0.02501086,0.05186956,0.17901793,0.27674866,0.49236385,5.9466218,12.34949,22.759277,-0.63518956,0.3525706,-0.3052594,0.63518956,0.1762853,0.2775318,1.0243292,1.0262238,-0.0018946259,-0.001849626,0.56020009,1,1,1,1
10000000000,2.8284271,3.3635857,3.0960064,1360628,3.038702,3.0809491,2.2724396,0.74783235,0.01852602,0.029371,0.1226713,0.2294514,0.61850631,8.4674474,21.523082,49.574061,-0.76626235,0.44991868,-0.46481847,0.76626235,0.22495934,0.29358005,1.0095461,1.0041544,0.0053916171,0.0053406351,0.21980623,1,1,1,1
10000000000,3.3635857,4,3.6817928,1154704,3.6383393,3.6638699,2.6901851,0.73939918,0.01189661,0.01439936,0.07243328,0.16608499,0.74708237,12.289359,38.379363,110.29902,-0.94815422,0.56591817,-0.55851067,0.94815422,0.28295908,0.2984315,0.95430004,0.96191578,-0.0076157364,-0.0079804423,-1.0522804,1,1,1,1
20000000000,0.5,0.59460356,0.54730178,13237553,0.50053125,0.544639,0.41407007,0.82726117,0.02952415,0.57668438,0.35084551,0.06779863,0.00467148,0.16407035,0.02936147,0.00177676,-0.086461182,0.033792177,-0.021104542,0.086461182,0.016896089,0.1954182,1.1265856,1.1086635,0.017922075,0.015908312,3.0024831,1,1,1,1
20000000000,0.59460356,0.70710678,0.65085517,11223476,0.60833221,0.64768845,0.49799525,0.81862384,0.03379056,0.51046726,0.3814517,0.0977101,0.01037094,0.25973112,0.0684836,0.00835249,-0.11033696,0.044723845,-0.028955324,0.11033696,0.022361922,0.20266937,1.1253813,1.1075287,0.017852612,0.015863612,2.9739185,1,1,1,1
20000000000,0.70710678,0.84089642,0.7740016,9515033,0.7548513,0.77023947,0.61102391,0.80946262,0.03807917,0.43200134,0.4056977,0.13929757,0.02300339,0.42597309,0.16650053,0.03960302,-0.14382739,0.062090773,-0.04288823,0.14382739,0.031045387,0.2158517,1.1264285,1.1079443,0.018484193,0.016409557,2.9987568,1,1,1,1
20000000000,0.84089642,1,0.92044821,8069067,0.88554711,0.91596836,0.71712052,0.80980505,0.03891055,0.37357789,0.41161896,0.17470917,0.04009398,0.6157671,0.32045192,0.11683433,-0.16842659,0.073460501,-0.05096449,0.16842659,0.03673025,0.21807869,1.1201468,1.1032791,0.016867622,0.015058403,2.849761,1,1,1,1
20000000000,1,1.1892071,1.0946035,6841812,1.0647884,1.0892749,0.84988878,0.79817622,0.04136453,0.30343628,0.40829242,0.21877231,0.06949899,0.91887471,0.61985421,0.31119125,-0.21489961,0.099092318,-0.07296192,0.21489961,0.049546159,0.2305549,1.1164883,1.0999784,0.016509941,0.014787384,2.7629859,1,1,1,1
20000000000,1.1892071,1.4142136,1.3017104,5802947,1.2751974,1.2953785,1.000036,0.78422053,0.04249462,0.23688119,0.38827117,0.26117523,0.11367242,1.350967,1.1541084,0.76512848,-0.27516142,0.13312905,-0.10068302,0.27516142,0.066564524,0.24191081,1.1055734,1.0924835,0.013089918,0.011839935,2.5040962,1,1,1,1
20000000000,1.4142136,1.6817928,1.5480032,4921812,1.5043137,1.5404806,1.1740638,0.78046478,0.04021987,0.18194986,0.35440931,0.29046274,0.17317809,1.9327097,2.0781883,1.8216413,-0.33024983,0.16438528,-0.13163558,0.33024983,0.082192641,0.24888019,1.0963347,1.0833577,0.012977069,0.011836776,2.2849635,1,1,1,1
20000000000,1.6817928,2,1.8408964,4173809,1.8008095,1.8319671,1.3916414,0.77278656,0.03631065,0.12885448,0.30301219,0.30876497,0.25936836,2.8337468,3.8387367,4.3959501,-0.40916812,0.20936617,-0.16953283,0.40916812,0.10468308,0.2558437,1.0745927,1.0682704,0.0063222236,0.0058833675,1.7692632,1,1,1,1
20000000000,2,2.3784142,2.1892071,3541174,2.1539382,2.1785922,1.6579724,0.76974002,0.0302686,0.08575772,0.24236849,0.30356147,0.36831232,4.143484,7.0496519,10.502835,-0.49596577,0.26140252,-0.20573493,0.49596577,0.13070126,0.26352879,1.051996,1.0516944,0.00030161102,0.00028670358,1.2332937,1,1,1,1
20000000000,2.3784142,2.8284271,2.6034206,3003125,2.5572262,2.5907737,1.9418434,0.75935535,0.02446906,0.05305041,0.18067746,0.27698314,0.48928899,5.9240231,12.337944,22.894887,-0.61538281,0.33622278,-0.29879375,0.61538281,0.16811139,0.27318181,1.0258672,1.0282755,-0.0024082727,-0.0023475481,0.61354475,1,1,1,1
20000000000,2.8284271,3.3635857,3.0960064,2548082,3.0451548,3.0809248,2.2971123,0.75434995,0.01763897,0.02994998,0.12234614,0.22823716,0.61946672,8.524925,21.821717,50.768445,-0.74804242,0.41781081,-0.36793927,0.74804242,0.2089054,0.27926946,0.99099371,0.99916904,-0.0081753283,-0.0082496268,-0.2136202,1,1,1,1
20000000000,3.3635857,4,3.6817928,2162648,3.6414118,3.6639051,2.7226534,0.74769169,0.011703,0.0145123,0.07293975,0.16707065,0.7454773,12.341122,38.796522,112.65637,-0.91875845,0.54857124,-0.59493536,0.91875845,0.27428562,0.29853943,0.97178661,0.96933667,0.0024499436,0.0025210716,-0.66919324,1,1,1,1
